﻿Format,Metric,Year,Value,Category
CD,Units,1973,,Physical
CD,Units,1974,,Physical
CD,Units,1975,,Physical
CD,Units,1976,,Physical
CD,Units,1977,,Physical
CD,Units,1978,,Physical
CD,Units,1979,,Physical
CD,Units,1980,,Physical
CD,Units,1981,,Physical
CD,Units,1982,,Physical
CD Single,Units,1973,,Physical
CD Single,Units,1974,,Physical
CD Single,Units,1975,,Physical
CD Single,Units,1976,,Physical
CD Single,Units,1977,,Physical
CD Single,Units,1978,,Physical
CD Single,Units,1979,,Physical
CD Single,Units,1980,,Physical
CD Single,Units,1981,,Physical
CD Single,Units,1982,,Physical
CD Single,Units,1983,,Physical
CD Single,Units,1984,,Physical
CD Single,Units,1985,,Physical
CD Single,Units,1986,,Physical
CD Single,Units,1987,,Physical
Cassette,Units,2012,,Physical
Cassette,Units,2013,,Physical
Cassette,Units,2014,,Physical
Cassette,Units,2015,,Physical
Cassette,Units,2016,,Physical
Cassette,Units,2017,,Physical
Cassette,Units,2018,,Physical
Cassette,Units,2019,,Physical
Cassette Single,Units,1973,,Physical
Cassette Single,Units,1974,,Physical
Cassette Single,Units,1975,,Physical
Cassette Single,Units,1976,,Physical
Cassette Single,Units,1977,,Physical
Cassette Single,Units,1978,,Physical
Cassette Single,Units,1979,,Physical
Cassette Single,Units,1980,,Physical
Cassette Single,Units,1981,,Physical
Cassette Single,Units,1982,,Physical
Cassette Single,Units,1983,,Physical
Cassette Single,Units,1984,,Physical
Cassette Single,Units,1985,,Physical
Cassette Single,Units,1986,,Physical
Cassette Single,Units,2012,,Physical
Cassette Single,Units,2013,,Physical
Cassette Single,Units,2014,,Physical
Cassette Single,Units,2015,,Physical
Cassette Single,Units,2016,,Physical
Cassette Single,Units,2017,,Physical
Cassette Single,Units,2018,,Physical
Cassette Single,Units,2019,,Physical
8 - Track,Units,2012,,Physical
8 - Track,Units,2013,,Physical
8 - Track,Units,2014,,Physical
8 - Track,Units,2015,,Physical
8 - Track,Units,2016,,Physical
8 - Track,Units,2017,,Physical
8 - Track,Units,2018,,Physical
8 - Track,Units,2019,,Physical
Other Tapes,Units,2012,,Physical
Other Tapes,Units,2013,,Physical
Other Tapes,Units,2014,,Physical
Other Tapes,Units,2015,,Physical
Other Tapes,Units,2016,,Physical
Other Tapes,Units,2017,,Physical
Other Tapes,Units,2018,,Physical
Other Tapes,Units,2019,,Physical
Music Video (Physical),Units,1973,,Physical
Music Video (Physical),Units,1974,,Physical
Music Video (Physical),Units,1975,,Physical
Music Video (Physical),Units,1976,,Physical
Music Video (Physical),Units,1977,,Physical
Music Video (Physical),Units,1978,,Physical
Music Video (Physical),Units,1979,,Physical
Music Video (Physical),Units,1980,,Physical
Music Video (Physical),Units,1981,,Physical
Music Video (Physical),Units,1982,,Physical
Music Video (Physical),Units,1983,,Physical
Music Video (Physical),Units,1984,,Physical
Music Video (Physical),Units,1985,,Physical
Music Video (Physical),Units,1986,,Physical
Music Video (Physical),Units,1987,,Physical
Music Video (Physical),Units,1988,,Physical
DVD Audio,Units,1973,,Physical
DVD Audio,Units,1974,,Physical
DVD Audio,Units,1975,,Physical
DVD Audio,Units,1976,,Physical
DVD Audio,Units,1977,,Physical
DVD Audio,Units,1978,,Physical
DVD Audio,Units,1979,,Physical
DVD Audio,Units,1980,,Physical
DVD Audio,Units,1981,,Physical
DVD Audio,Units,1982,,Physical
DVD Audio,Units,1983,,Physical
DVD Audio,Units,1984,,Physical
DVD Audio,Units,1985,,Physical
DVD Audio,Units,1986,,Physical
DVD Audio,Units,1987,,Physical
DVD Audio,Units,1988,,Physical
DVD Audio,Units,1989,,Physical
DVD Audio,Units,1990,,Physical
DVD Audio,Units,1991,,Physical
DVD Audio,Units,1992,,Physical
DVD Audio,Units,1993,,Physical
DVD Audio,Units,1994,,Physical
DVD Audio,Units,1995,,Physical
DVD Audio,Units,1996,,Physical
DVD Audio,Units,1997,,Physical
DVD Audio,Units,1998,,Physical
DVD Audio,Units,1999,,Physical
DVD Audio,Units,2000,,Physical
SACD,Units,1973,,Physical
SACD,Units,1974,,Physical
SACD,Units,1975,,Physical
SACD,Units,1976,,Physical
SACD,Units,1977,,Physical
SACD,Units,1978,,Physical
SACD,Units,1979,,Physical
SACD,Units,1980,,Physical
SACD,Units,1981,,Physical
SACD,Units,1982,,Physical
SACD,Units,1983,,Physical
SACD,Units,1984,,Physical
SACD,Units,1985,,Physical
SACD,Units,1986,,Physical
SACD,Units,1987,,Physical
SACD,Units,1988,,Physical
SACD,Units,1989,,Physical
SACD,Units,1990,,Physical
SACD,Units,1991,,Physical
SACD,Units,1992,,Physical
SACD,Units,1993,,Physical
SACD,Units,1994,,Physical
SACD,Units,1995,,Physical
SACD,Units,1996,,Physical
SACD,Units,1997,,Physical
SACD,Units,1998,,Physical
SACD,Units,1999,,Physical
SACD,Units,2000,,Physical
SACD,Units,2001,,Physical
SACD,Units,2002,,Physical
Download Single,Units,1973,,Digital
Download Single,Units,1974,,Digital
Download Single,Units,1975,,Digital
Download Single,Units,1976,,Digital
Download Single,Units,1977,,Digital
Download Single,Units,1978,,Digital
Download Single,Units,1979,,Digital
Download Single,Units,1980,,Digital
Download Single,Units,1981,,Digital
Download Single,Units,1982,,Digital
Download Single,Units,1983,,Digital
Download Single,Units,1984,,Digital
Download Single,Units,1985,,Digital
Download Single,Units,1986,,Digital
Download Single,Units,1987,,Digital
Download Single,Units,1988,,Digital
Download Single,Units,1989,,Digital
Download Single,Units,1990,,Digital
Download Single,Units,1991,,Digital
Download Single,Units,1992,,Digital
Download Single,Units,1993,,Digital
Download Single,Units,1994,,Digital
Download Single,Units,1995,,Digital
Download Single,Units,1996,,Digital
Download Single,Units,1997,,Digital
Download Single,Units,1998,,Digital
Download Single,Units,1999,,Digital
Download Single,Units,2000,,Digital
Download Single,Units,2001,,Digital
Download Single,Units,2002,,Digital
Download Single,Units,2003,,Digital
Download Album,Units,1973,,Digital
Download Album,Units,1974,,Digital
Download Album,Units,1975,,Digital
Download Album,Units,1976,,Digital
Download Album,Units,1977,,Digital
Download Album,Units,1978,,Digital
Download Album,Units,1979,,Digital
Download Album,Units,1980,,Digital
Download Album,Units,1981,,Digital
Download Album,Units,1982,,Digital
Download Album,Units,1983,,Digital
Download Album,Units,1984,,Digital
Download Album,Units,1985,,Digital
Download Album,Units,1986,,Digital
Download Album,Units,1987,,Digital
Download Album,Units,1988,,Digital
Download Album,Units,1989,,Digital
Download Album,Units,1990,,Digital
Download Album,Units,1991,,Digital
Download Album,Units,1992,,Digital
Download Album,Units,1993,,Digital
Download Album,Units,1994,,Digital
Download Album,Units,1995,,Digital
Download Album,Units,1996,,Digital
Download Album,Units,1997,,Digital
Download Album,Units,1998,,Digital
Download Album,Units,1999,,Digital
Download Album,Units,2000,,Digital
Download Album,Units,2001,,Digital
Download Album,Units,2002,,Digital
Download Album,Units,2003,,Digital
Kiosk,Units,1973,,Digital
Kiosk,Units,1974,,Digital
Kiosk,Units,1975,,Digital
Kiosk,Units,1976,,Digital
Kiosk,Units,1977,,Digital
Kiosk,Units,1978,,Digital
Kiosk,Units,1979,,Digital
Kiosk,Units,1980,,Digital
Kiosk,Units,1981,,Digital
Kiosk,Units,1982,,Digital
Kiosk,Units,1983,,Digital
Kiosk,Units,1984,,Digital
Kiosk,Units,1985,,Digital
Kiosk,Units,1986,,Digital
Kiosk,Units,1987,,Digital
Kiosk,Units,1988,,Digital
Kiosk,Units,1989,,Digital
Kiosk,Units,1990,,Digital
Kiosk,Units,1991,,Digital
Kiosk,Units,1992,,Digital
Kiosk,Units,1993,,Digital
Kiosk,Units,1994,,Digital
Kiosk,Units,1995,,Digital
Kiosk,Units,1996,,Digital
Kiosk,Units,1997,,Digital
Kiosk,Units,1998,,Digital
Kiosk,Units,1999,,Digital
Kiosk,Units,2000,,Digital
Kiosk,Units,2001,,Digital
Kiosk,Units,2002,,Digital
Kiosk,Units,2003,,Digital
Kiosk,Units,2004,,Digital
Download Music Video,Units,1973,,Digital
Download Music Video,Units,1974,,Digital
Download Music Video,Units,1975,,Digital
Download Music Video,Units,1976,,Digital
Download Music Video,Units,1977,,Digital
Download Music Video,Units,1978,,Digital
Download Music Video,Units,1979,,Digital
Download Music Video,Units,1980,,Digital
Download Music Video,Units,1981,,Digital
Download Music Video,Units,1982,,Digital
Download Music Video,Units,1983,,Digital
Download Music Video,Units,1984,,Digital
Download Music Video,Units,1985,,Digital
Download Music Video,Units,1986,,Digital
Download Music Video,Units,1987,,Digital
Download Music Video,Units,1988,,Digital
Download Music Video,Units,1989,,Digital
Download Music Video,Units,1990,,Digital
Download Music Video,Units,1991,,Digital
Download Music Video,Units,1992,,Digital
Download Music Video,Units,1993,,Digital
Download Music Video,Units,1994,,Digital
Download Music Video,Units,1995,,Digital
Download Music Video,Units,1996,,Digital
Download Music Video,Units,1997,,Digital
Download Music Video,Units,1998,,Digital
Download Music Video,Units,1999,,Digital
Download Music Video,Units,2000,,Digital
Download Music Video,Units,2001,,Digital
Download Music Video,Units,2002,,Digital
Download Music Video,Units,2003,,Digital
Download Music Video,Units,2004,,Digital
Ringtones & Ringbacks,Units,1973,,Digital
Ringtones & Ringbacks,Units,1974,,Digital
Ringtones & Ringbacks,Units,1975,,Digital
Ringtones & Ringbacks,Units,1976,,Digital
Ringtones & Ringbacks,Units,1977,,Digital
Ringtones & Ringbacks,Units,1978,,Digital
Ringtones & Ringbacks,Units,1979,,Digital
Ringtones & Ringbacks,Units,1980,,Digital
Ringtones & Ringbacks,Units,1981,,Digital
Ringtones & Ringbacks,Units,1982,,Digital
Ringtones & Ringbacks,Units,1983,,Digital
Ringtones & Ringbacks,Units,1984,,Digital
Ringtones & Ringbacks,Units,1985,,Digital
Ringtones & Ringbacks,Units,1986,,Digital
Ringtones & Ringbacks,Units,1987,,Digital
Ringtones & Ringbacks,Units,1988,,Digital
Ringtones & Ringbacks,Units,1989,,Digital
Ringtones & Ringbacks,Units,1990,,Digital
Ringtones & Ringbacks,Units,1991,,Digital
Ringtones & Ringbacks,Units,1992,,Digital
Ringtones & Ringbacks,Units,1993,,Digital
Ringtones & Ringbacks,Units,1994,,Digital
Ringtones & Ringbacks,Units,1995,,Digital
Ringtones & Ringbacks,Units,1996,,Digital
Ringtones & Ringbacks,Units,1997,,Digital
Ringtones & Ringbacks,Units,1998,,Digital
Ringtones & Ringbacks,Units,1999,,Digital
Ringtones & Ringbacks,Units,2000,,Digital
Ringtones & Ringbacks,Units,2001,,Digital
Ringtones & Ringbacks,Units,2002,,Digital
Ringtones & Ringbacks,Units,2003,,Digital
Ringtones & Ringbacks,Units,2004,,Digital
Paid Subscription,Units,1973,,Digital
Paid Subscription,Units,1974,,Digital
Paid Subscription,Units,1975,,Digital
Paid Subscription,Units,1976,,Digital
Paid Subscription,Units,1977,,Digital
Paid Subscription,Units,1978,,Digital
Paid Subscription,Units,1979,,Digital
Paid Subscription,Units,1980,,Digital
Paid Subscription,Units,1981,,Digital
Paid Subscription,Units,1982,,Digital
Paid Subscription,Units,1983,,Digital
Paid Subscription,Units,1984,,Digital
Paid Subscription,Units,1985,,Digital
Paid Subscription,Units,1986,,Digital
Paid Subscription,Units,1987,,Digital
Paid Subscription,Units,1988,,Digital
Paid Subscription,Units,1989,,Digital
Paid Subscription,Units,1990,,Digital
Paid Subscription,Units,1991,,Digital
Paid Subscription,Units,1992,,Digital
Paid Subscription,Units,1993,,Digital
Paid Subscription,Units,1994,,Digital
Paid Subscription,Units,1995,,Digital
Paid Subscription,Units,1996,,Digital
Paid Subscription,Units,1997,,Digital
Paid Subscription,Units,1998,,Digital
Paid Subscription,Units,1999,,Digital
Paid Subscription,Units,2000,,Digital
Paid Subscription,Units,2001,,Digital
Paid Subscription,Units,2002,,Digital
Paid Subscription,Units,2003,,Digital
Paid Subscription,Units,2004,,Digital
Paid Subscription,Units,1973,,Digital
Paid Subscription,Units,1974,,Digital
Paid Subscription,Units,1975,,Digital
Paid Subscription,Units,1976,,Digital
Paid Subscription,Units,1977,,Digital
Paid Subscription,Units,1978,,Digital
Paid Subscription,Units,1979,,Digital
Paid Subscription,Units,1980,,Digital
Paid Subscription,Units,1981,,Digital
Paid Subscription,Units,1982,,Digital
Paid Subscription,Units,1983,,Digital
Paid Subscription,Units,1984,,Digital
Paid Subscription,Units,1985,,Digital
Paid Subscription,Units,1986,,Digital
Paid Subscription,Units,1987,,Digital
Paid Subscription,Units,1988,,Digital
Paid Subscription,Units,1989,,Digital
Paid Subscription,Units,1990,,Digital
Paid Subscription,Units,1991,,Digital
Paid Subscription,Units,1992,,Digital
Paid Subscription,Units,1993,,Digital
Paid Subscription,Units,1994,,Digital
Paid Subscription,Units,1995,,Digital
Paid Subscription,Units,1996,,Digital
Paid Subscription,Units,1997,,Digital
Paid Subscription,Units,1998,,Digital
Paid Subscription,Units,1999,,Digital
Paid Subscription,Units,2000,,Digital
Paid Subscription,Units,2001,,Digital
Paid Subscription,Units,2002,,Digital
Paid Subscription,Units,2003,,Digital
Paid Subscription,Units,2004,,Digital
Paid Subscription,Units,2019,,Digital
CD,Value,1973,,Physical
CD,Value,1974,,Physical
CD,Value,1975,,Physical
CD,Value,1976,,Physical
CD,Value,1977,,Physical
CD,Value,1978,,Physical
CD,Value,1979,,Physical
CD,Value,1980,,Physical
CD,Value,1981,,Physical
CD,Value,1982,,Physical
CD Single,Value,1973,,Physical
CD Single,Value,1974,,Physical
CD Single,Value,1975,,Physical
CD Single,Value,1976,,Physical
CD Single,Value,1977,,Physical
CD Single,Value,1978,,Physical
CD Single,Value,1979,,Physical
CD Single,Value,1980,,Physical
CD Single,Value,1981,,Physical
CD Single,Value,1982,,Physical
CD Single,Value,1983,,Physical
CD Single,Value,1984,,Physical
CD Single,Value,1985,,Physical
CD Single,Value,1986,,Physical
CD Single,Value,1987,,Physical
Cassette,Value,2010,,Physical
Cassette,Value,2011,,Physical
Cassette,Value,2012,,Physical
Cassette,Value,2013,,Physical
Cassette,Value,2014,,Physical
Cassette,Value,2015,,Physical
Cassette,Value,2016,,Physical
Cassette,Value,2017,,Physical
Cassette,Value,2018,,Physical
Cassette,Value,2019,,Physical
Cassette Single,Value,1973,,Physical
Cassette Single,Value,1974,,Physical
Cassette Single,Value,1975,,Physical
Cassette Single,Value,1976,,Physical
Cassette Single,Value,1977,,Physical
Cassette Single,Value,1978,,Physical
Cassette Single,Value,1979,,Physical
Cassette Single,Value,1980,,Physical
Cassette Single,Value,1981,,Physical
Cassette Single,Value,1982,,Physical
Cassette Single,Value,1983,,Physical
Cassette Single,Value,1984,,Physical
Cassette Single,Value,1985,,Physical
8 - Track,Value,1983,,Physical
8 - Track,Value,1984,,Physical
8 - Track,Value,1985,,Physical
8 - Track,Value,1986,,Physical
8 - Track,Value,1987,,Physical
8 - Track,Value,1988,,Physical
8 - Track,Value,1989,,Physical
8 - Track,Value,1990,,Physical
8 - Track,Value,1991,,Physical
8 - Track,Value,1992,,Physical
8 - Track,Value,1993,,Physical
8 - Track,Value,1994,,Physical
8 - Track,Value,1995,,Physical
8 - Track,Value,1996,,Physical
8 - Track,Value,1997,,Physical
8 - Track,Value,1998,,Physical
8 - Track,Value,1999,,Physical
8 - Track,Value,2000,,Physical
8 - Track,Value,2001,,Physical
8 - Track,Value,2002,,Physical
8 - Track,Value,2003,,Physical
8 - Track,Value,2004,,Physical
8 - Track,Value,2005,,Physical
8 - Track,Value,2006,,Physical
8 - Track,Value,2007,,Physical
8 - Track,Value,2008,,Physical
8 - Track,Value,2009,,Physical
8 - Track,Value,2010,,Physical
8 - Track,Value,2011,,Physical
8 - Track,Value,2012,,Physical
8 - Track,Value,2013,,Physical
8 - Track,Value,2014,,Physical
8 - Track,Value,2015,,Physical
8 - Track,Value,2016,,Physical
8 - Track,Value,2017,,Physical
8 - Track,Value,2018,,Physical
8 - Track,Value,2019,,Physical
Cassette Single,Value,1986,,Physical
Cassette Single,Value,2003,,Physical
Cassette Single,Value,2004,,Physical
Cassette Single,Value,2005,,Physical
Cassette Single,Value,2006,,Physical
Cassette Single,Value,2007,,Physical
Cassette Single,Value,2008,,Physical
Cassette Single,Value,2009,,Physical
Cassette Single,Value,2010,,Physical
Cassette Single,Value,2011,,Physical
Cassette Single,Value,2012,,Physical
Cassette Single,Value,2013,,Physical
Cassette Single,Value,2014,,Physical
Cassette Single,Value,2015,,Physical
Cassette Single,Value,2016,,Physical
Cassette Single,Value,2017,,Physical
Cassette Single,Value,2018,,Physical
Cassette Single,Value,2019,,Physical
DVD Audio,Value,1973,,Physical
DVD Audio,Value,1974,,Physical
DVD Audio,Value,1975,,Physical
DVD Audio,Value,1976,,Physical
DVD Audio,Value,1977,,Physical
DVD Audio,Value,1978,,Physical
DVD Audio,Value,1979,,Physical
DVD Audio,Value,1980,,Physical
DVD Audio,Value,1981,,Physical
DVD Audio,Value,1982,,Physical
DVD Audio,Value,1983,,Physical
DVD Audio,Value,1984,,Physical
DVD Audio,Value,1985,,Physical
DVD Audio,Value,1986,,Physical
DVD Audio,Value,1987,,Physical
DVD Audio,Value,1988,,Physical
DVD Audio,Value,1989,,Physical
DVD Audio,Value,1990,,Physical
DVD Audio,Value,1991,,Physical
DVD Audio,Value,1992,,Physical
DVD Audio,Value,1993,,Physical
DVD Audio,Value,1994,,Physical
DVD Audio,Value,1995,,Physical
DVD Audio,Value,1996,,Physical
DVD Audio,Value,1997,,Physical
DVD Audio,Value,1998,,Physical
DVD Audio,Value,1999,,Physical
DVD Audio,Value,2000,,Physical
Download Album,Value,1973,,Digital
Download Album,Value,1974,,Digital
Download Album,Value,1975,,Digital
Download Album,Value,1976,,Digital
Download Album,Value,1977,,Digital
Download Album,Value,1978,,Digital
Download Album,Value,1979,,Digital
Download Album,Value,1980,,Digital
Download Album,Value,1981,,Digital
Download Album,Value,1982,,Digital
Download Album,Value,1983,,Digital
Download Album,Value,1984,,Digital
Download Album,Value,1985,,Digital
Download Album,Value,1986,,Digital
Download Album,Value,1987,,Digital
Download Album,Value,1988,,Digital
Download Album,Value,1989,,Digital
Download Album,Value,1990,,Digital
Download Album,Value,1991,,Digital
Download Album,Value,1992,,Digital
Download Album,Value,1993,,Digital
Download Album,Value,1994,,Digital
Download Album,Value,1995,,Digital
Download Album,Value,1996,,Digital
Download Album,Value,1997,,Digital
Download Album,Value,1998,,Digital
Download Album,Value,1999,,Digital
Download Album,Value,2000,,Digital
Download Album,Value,2001,,Digital
Download Album,Value,2002,,Digital
Download Album,Value,2003,,Digital
Download Music Video,Value,1973,,Digital
Download Music Video,Value,1974,,Digital
Download Music Video,Value,1975,,Digital
Download Music Video,Value,1976,,Digital
Download Music Video,Value,1977,,Digital
Download Music Video,Value,1978,,Digital
Download Music Video,Value,1979,,Digital
Download Music Video,Value,1980,,Digital
Download Music Video,Value,1981,,Digital
Download Music Video,Value,1982,,Digital
Download Music Video,Value,1983,,Digital
Download Music Video,Value,1984,,Digital
Download Music Video,Value,1985,,Digital
Download Music Video,Value,1986,,Digital
Download Music Video,Value,1987,,Digital
Download Music Video,Value,1988,,Digital
Download Music Video,Value,1989,,Digital
Download Music Video,Value,1990,,Digital
Download Music Video,Value,1991,,Digital
Download Music Video,Value,1992,,Digital
Download Music Video,Value,1993,,Digital
Download Music Video,Value,1994,,Digital
Download Music Video,Value,1995,,Digital
Download Music Video,Value,1996,,Digital
Download Music Video,Value,1997,,Digital
Download Music Video,Value,1998,,Digital
Download Music Video,Value,1999,,Digital
Download Music Video,Value,2000,,Digital
Download Music Video,Value,2001,,Digital
Download Music Video,Value,2002,,Digital
Download Music Video,Value,2003,,Digital
Download Music Video,Value,2004,,Digital
Download Single,Value,1973,,Digital
Download Single,Value,1974,,Digital
Download Single,Value,1975,,Digital
Download Single,Value,1976,,Digital
Download Single,Value,1977,,Digital
Download Single,Value,1978,,Digital
Download Single,Value,1979,,Digital
Download Single,Value,1980,,Digital
Download Single,Value,1981,,Digital
Download Single,Value,1982,,Digital
Download Single,Value,1983,,Digital
Download Single,Value,1984,,Digital
Download Single,Value,1985,,Digital
Download Single,Value,1986,,Digital
Download Single,Value,1987,,Digital
Download Single,Value,1988,,Digital
Download Single,Value,1989,,Digital
Download Single,Value,1990,,Digital
Download Single,Value,1991,,Digital
Download Single,Value,1992,,Digital
Download Single,Value,1993,,Digital
Download Single,Value,1994,,Digital
Download Single,Value,1995,,Digital
Download Single,Value,1996,,Digital
Download Single,Value,1997,,Digital
Download Single,Value,1998,,Digital
Download Single,Value,1999,,Digital
Download Single,Value,2000,,Digital
Download Single,Value,2001,,Digital
Download Single,Value,2002,,Digital
Download Single,Value,2003,,Digital
Kiosk,Value,1973,,Digital
Kiosk,Value,1974,,Digital
Kiosk,Value,1975,,Digital
Kiosk,Value,1976,,Digital
Kiosk,Value,1977,,Digital
Kiosk,Value,1978,,Digital
Kiosk,Value,1979,,Digital
Kiosk,Value,1980,,Digital
Kiosk,Value,1981,,Digital
Kiosk,Value,1982,,Digital
Kiosk,Value,1983,,Digital
Kiosk,Value,1984,,Digital
Kiosk,Value,1985,,Digital
Kiosk,Value,1986,,Digital
Kiosk,Value,1987,,Digital
Kiosk,Value,1988,,Digital
Kiosk,Value,1989,,Digital
Kiosk,Value,1990,,Digital
Kiosk,Value,1991,,Digital
Kiosk,Value,1992,,Digital
Kiosk,Value,1993,,Digital
Kiosk,Value,1994,,Digital
Kiosk,Value,1995,,Digital
Kiosk,Value,1996,,Digital
Kiosk,Value,1997,,Digital
Kiosk,Value,1998,,Digital
Kiosk,Value,1999,,Digital
Kiosk,Value,2000,,Digital
Kiosk,Value,2001,,Digital
Kiosk,Value,2002,,Digital
Kiosk,Value,2003,,Digital
Kiosk,Value,2004,,Digital
Limited Tier Paid Subscription,Value,1973,,Digital
Limited Tier Paid Subscription,Value,1974,,Digital
Limited Tier Paid Subscription,Value,1975,,Digital
Limited Tier Paid Subscription,Value,1976,,Digital
Limited Tier Paid Subscription,Value,1977,,Digital
Limited Tier Paid Subscription,Value,1978,,Digital
Limited Tier Paid Subscription,Value,1979,,Digital
Limited Tier Paid Subscription,Value,1980,,Digital
Limited Tier Paid Subscription,Value,1981,,Digital
Limited Tier Paid Subscription,Value,1982,,Digital
Limited Tier Paid Subscription,Value,1983,,Digital
Limited Tier Paid Subscription,Value,1984,,Digital
Limited Tier Paid Subscription,Value,1985,,Digital
Limited Tier Paid Subscription,Value,1986,,Digital
Limited Tier Paid Subscription,Value,1987,,Digital
Limited Tier Paid Subscription,Value,1988,,Digital
Limited Tier Paid Subscription,Value,1989,,Digital
Limited Tier Paid Subscription,Value,1990,,Digital
Limited Tier Paid Subscription,Value,1991,,Digital
Limited Tier Paid Subscription,Value,1992,,Digital
Limited Tier Paid Subscription,Value,1993,,Digital
Limited Tier Paid Subscription,Value,1994,,Digital
Limited Tier Paid Subscription,Value,1995,,Digital
Limited Tier Paid Subscription,Value,1996,,Digital
Limited Tier Paid Subscription,Value,1997,,Digital
Limited Tier Paid Subscription,Value,1998,,Digital
Limited Tier Paid Subscription,Value,1999,,Digital
Limited Tier Paid Subscription,Value,2000,,Digital
Limited Tier Paid Subscription,Value,2001,,Digital
Limited Tier Paid Subscription,Value,2002,,Digital
Limited Tier Paid Subscription,Value,2003,,Digital
Limited Tier Paid Subscription,Value,2004,,Digital
Limited Tier Paid Subscription,Value,2005,,Digital
Limited Tier Paid Subscription,Value,2006,,Digital
Limited Tier Paid Subscription,Value,2007,,Digital
Limited Tier Paid Subscription,Value,2008,,Digital
Limited Tier Paid Subscription,Value,2009,,Digital
Limited Tier Paid Subscription,Value,2010,,Digital
Limited Tier Paid Subscription,Value,2011,,Digital
Limited Tier Paid Subscription,Value,2012,,Digital
Limited Tier Paid Subscription,Value,2013,,Digital
Limited Tier Paid Subscription,Value,2014,,Digital
Limited Tier Paid Subscription,Value,2015,,Digital
Music Video (Physical),Value,1973,,Physical
Music Video (Physical),Value,1974,,Physical
Music Video (Physical),Value,1975,,Physical
Music Video (Physical),Value,1976,,Physical
Music Video (Physical),Value,1977,,Physical
Music Video (Physical),Value,1978,,Physical
Music Video (Physical),Value,1979,,Physical
Music Video (Physical),Value,1980,,Physical
Music Video (Physical),Value,1981,,Physical
Music Video (Physical),Value,1982,,Physical
Music Video (Physical),Value,1983,,Physical
Music Video (Physical),Value,1984,,Physical
Music Video (Physical),Value,1985,,Physical
Music Video (Physical),Value,1986,,Physical
Music Video (Physical),Value,1987,,Physical
Music Video (Physical),Value,1988,,Physical
On-Demand Streaming (Ad-Supported),Value,1973,,Digital
On-Demand Streaming (Ad-Supported),Value,1974,,Digital
On-Demand Streaming (Ad-Supported),Value,1975,,Digital
On-Demand Streaming (Ad-Supported),Value,1976,,Digital
On-Demand Streaming (Ad-Supported),Value,1977,,Digital
On-Demand Streaming (Ad-Supported),Value,1978,,Digital
On-Demand Streaming (Ad-Supported),Value,1979,,Digital
On-Demand Streaming (Ad-Supported),Value,1980,,Digital
On-Demand Streaming (Ad-Supported),Value,1981,,Digital
On-Demand Streaming (Ad-Supported),Value,1982,,Digital
On-Demand Streaming (Ad-Supported),Value,1983,,Digital
On-Demand Streaming (Ad-Supported),Value,1984,,Digital
On-Demand Streaming (Ad-Supported),Value,1985,,Digital
On-Demand Streaming (Ad-Supported),Value,1986,,Digital
On-Demand Streaming (Ad-Supported),Value,1987,,Digital
On-Demand Streaming (Ad-Supported),Value,1988,,Digital
On-Demand Streaming (Ad-Supported),Value,1989,,Digital
On-Demand Streaming (Ad-Supported),Value,1990,,Digital
On-Demand Streaming (Ad-Supported),Value,1991,,Digital
On-Demand Streaming (Ad-Supported),Value,1992,,Digital
On-Demand Streaming (Ad-Supported),Value,1993,,Digital
On-Demand Streaming (Ad-Supported),Value,1994,,Digital
On-Demand Streaming (Ad-Supported),Value,1995,,Digital
On-Demand Streaming (Ad-Supported),Value,1996,,Digital
On-Demand Streaming (Ad-Supported),Value,1997,,Digital
On-Demand Streaming (Ad-Supported),Value,1998,,Digital
On-Demand Streaming (Ad-Supported),Value,1999,,Digital
On-Demand Streaming (Ad-Supported),Value,2000,,Digital
On-Demand Streaming (Ad-Supported),Value,2001,,Digital
On-Demand Streaming (Ad-Supported),Value,2002,,Digital
On-Demand Streaming (Ad-Supported),Value,2003,,Digital
On-Demand Streaming (Ad-Supported),Value,2004,,Digital
On-Demand Streaming (Ad-Supported),Value,2005,,Digital
On-Demand Streaming (Ad-Supported),Value,2006,,Digital
On-Demand Streaming (Ad-Supported),Value,2007,,Digital
On-Demand Streaming (Ad-Supported),Value,2008,,Digital
On-Demand Streaming (Ad-Supported),Value,2009,,Digital
On-Demand Streaming (Ad-Supported),Value,2010,,Digital
Other Ad-Supported Streaming,Value,1973,,Digital
Other Ad-Supported Streaming,Value,1974,,Digital
Other Ad-Supported Streaming,Value,1975,,Digital
Other Ad-Supported Streaming,Value,1976,,Digital
Other Ad-Supported Streaming,Value,1977,,Digital
Other Ad-Supported Streaming,Value,1978,,Digital
Other Ad-Supported Streaming,Value,1979,,Digital
Other Ad-Supported Streaming,Value,1980,,Digital
Other Ad-Supported Streaming,Value,1981,,Digital
Other Ad-Supported Streaming,Value,1982,,Digital
Other Ad-Supported Streaming,Value,1983,,Digital
Other Ad-Supported Streaming,Value,1984,,Digital
Other Ad-Supported Streaming,Value,1985,,Digital
Other Ad-Supported Streaming,Value,1986,,Digital
Other Ad-Supported Streaming,Value,1987,,Digital
Other Ad-Supported Streaming,Value,1988,,Digital
Other Ad-Supported Streaming,Value,1989,,Digital
Other Ad-Supported Streaming,Value,1990,,Digital
Other Ad-Supported Streaming,Value,1991,,Digital
Other Ad-Supported Streaming,Value,1992,,Digital
Other Ad-Supported Streaming,Value,1993,,Digital
Other Ad-Supported Streaming,Value,1994,,Digital
Other Ad-Supported Streaming,Value,1995,,Digital
Other Ad-Supported Streaming,Value,1996,,Digital
Other Ad-Supported Streaming,Value,1997,,Digital
Other Ad-Supported Streaming,Value,1998,,Digital
Other Ad-Supported Streaming,Value,1999,,Digital
Other Ad-Supported Streaming,Value,2000,,Digital
Other Ad-Supported Streaming,Value,2001,,Digital
Other Ad-Supported Streaming,Value,2002,,Digital
Other Ad-Supported Streaming,Value,2003,,Digital
Other Ad-Supported Streaming,Value,2004,,Digital
Other Ad-Supported Streaming,Value,2005,,Digital
Other Ad-Supported Streaming,Value,2006,,Digital
Other Ad-Supported Streaming,Value,2007,,Digital
Other Ad-Supported Streaming,Value,2008,,Digital
Other Ad-Supported Streaming,Value,2009,,Digital
Other Ad-Supported Streaming,Value,2010,,Digital
Other Ad-Supported Streaming,Value,2011,,Digital
Other Ad-Supported Streaming,Value,2012,,Digital
Other Ad-Supported Streaming,Value,2013,,Digital
Other Ad-Supported Streaming,Value,2014,,Digital
Other Ad-Supported Streaming,Value,2015,,Digital
Other Digital,Value,1973,,Digital
Other Digital,Value,1974,,Digital
Other Digital,Value,1975,,Digital
Other Digital,Value,1976,,Digital
Other Digital,Value,1977,,Digital
Other Digital,Value,1978,,Digital
Other Digital,Value,1979,,Digital
Other Digital,Value,1980,,Digital
Other Digital,Value,1981,,Digital
Other Digital,Value,1982,,Digital
Other Digital,Value,1983,,Digital
Other Digital,Value,1984,,Digital
Other Digital,Value,1985,,Digital
Other Digital,Value,1986,,Digital
Other Digital,Value,1987,,Digital
Other Digital,Value,1988,,Digital
Other Digital,Value,1989,,Digital
Other Digital,Value,1990,,Digital
Other Digital,Value,1991,,Digital
Other Digital,Value,1992,,Digital
Other Digital,Value,1993,,Digital
Other Digital,Value,1994,,Digital
Other Digital,Value,1995,,Digital
Other Digital,Value,1996,,Digital
Other Digital,Value,1997,,Digital
Other Digital,Value,1998,,Digital
Other Digital,Value,1999,,Digital
Other Digital,Value,2000,,Digital
Other Digital,Value,2001,,Digital
Other Digital,Value,2002,,Digital
Other Digital,Value,2003,,Digital
Other Digital,Value,2004,,Digital
Other Digital,Value,2005,,Digital
Other Digital,Value,2006,,Digital
Other Digital,Value,2007,,Digital
Other Digital,Value,2008,,Digital
Other Digital,Value,2009,,Digital
Other Digital,Value,2010,,Digital
Other Digital,Value,2011,,Digital
Other Digital,Value,2012,,Digital
Other Digital,Value,2013,,Digital
Other Digital,Value,2014,,Digital
Other Digital,Value,2015,,Digital
Other Tapes,Value,1977,,Physical
Other Tapes,Value,1978,,Physical
Other Tapes,Value,1979,,Physical
Other Tapes,Value,1980,,Physical
Other Tapes,Value,1981,,Physical
Other Tapes,Value,1982,,Physical
Other Tapes,Value,1983,,Physical
Other Tapes,Value,1984,,Physical
Other Tapes,Value,1985,,Physical
Other Tapes,Value,1986,,Physical
Other Tapes,Value,1987,,Physical
Other Tapes,Value,1988,,Physical
Other Tapes,Value,1989,,Physical
Other Tapes,Value,1990,,Physical
Other Tapes,Value,1991,,Physical
Other Tapes,Value,1992,,Physical
Other Tapes,Value,1993,,Physical
Other Tapes,Value,1994,,Physical
Other Tapes,Value,1995,,Physical
Other Tapes,Value,1996,,Physical
Other Tapes,Value,1997,,Physical
Other Tapes,Value,1998,,Physical
Other Tapes,Value,1999,,Physical
Other Tapes,Value,2000,,Physical
Other Tapes,Value,2001,,Physical
Other Tapes,Value,2002,,Physical
Other Tapes,Value,2003,,Physical
Other Tapes,Value,2004,,Physical
Other Tapes,Value,2005,,Physical
Other Tapes,Value,2006,,Physical
Other Tapes,Value,2007,,Physical
Other Tapes,Value,2008,,Physical
Other Tapes,Value,2009,,Physical
Other Tapes,Value,2010,,Physical
Other Tapes,Value,2011,,Physical
Other Tapes,Value,2012,,Physical
Other Tapes,Value,2013,,Physical
Other Tapes,Value,2014,,Physical
Other Tapes,Value,2015,,Physical
Other Tapes,Value,2016,,Physical
Other Tapes,Value,2017,,Physical
Other Tapes,Value,2018,,Physical
Other Tapes,Value,2019,,Physical
Paid Subscription,Value,1973,,Digital
Paid Subscription,Value,1974,,Digital
Paid Subscription,Value,1975,,Digital
Paid Subscription,Value,1976,,Digital
Paid Subscription,Value,1977,,Digital
Paid Subscription,Value,1978,,Digital
Paid Subscription,Value,1979,,Digital
Paid Subscription,Value,1980,,Digital
Paid Subscription,Value,1981,,Digital
Paid Subscription,Value,1982,,Digital
Paid Subscription,Value,1983,,Digital
Paid Subscription,Value,1984,,Digital
Paid Subscription,Value,1985,,Digital
Paid Subscription,Value,1986,,Digital
Paid Subscription,Value,1987,,Digital
Paid Subscription,Value,1988,,Digital
Paid Subscription,Value,1989,,Digital
Paid Subscription,Value,1990,,Digital
Paid Subscription,Value,1991,,Digital
Paid Subscription,Value,1992,,Digital
Paid Subscription,Value,1993,,Digital
Paid Subscription,Value,1994,,Digital
Paid Subscription,Value,1995,,Digital
Paid Subscription,Value,1996,,Digital
Paid Subscription,Value,1997,,Digital
Paid Subscription,Value,1998,,Digital
Paid Subscription,Value,1999,,Digital
Paid Subscription,Value,2000,,Digital
Paid Subscription,Value,2001,,Digital
Paid Subscription,Value,2002,,Digital
Paid Subscription,Value,2003,,Digital
Paid Subscription,Value,2004,,Digital
Ringtones & Ringbacks,Value,1973,,Digital
Ringtones & Ringbacks,Value,1974,,Digital
Ringtones & Ringbacks,Value,1975,,Digital
Ringtones & Ringbacks,Value,1976,,Digital
Ringtones & Ringbacks,Value,1977,,Digital
Ringtones & Ringbacks,Value,1978,,Digital
Ringtones & Ringbacks,Value,1979,,Digital
Ringtones & Ringbacks,Value,1980,,Digital
Ringtones & Ringbacks,Value,1981,,Digital
Ringtones & Ringbacks,Value,1982,,Digital
Ringtones & Ringbacks,Value,1983,,Digital
Ringtones & Ringbacks,Value,1984,,Digital
Ringtones & Ringbacks,Value,1985,,Digital
Ringtones & Ringbacks,Value,1986,,Digital
Ringtones & Ringbacks,Value,1987,,Digital
Ringtones & Ringbacks,Value,1988,,Digital
Ringtones & Ringbacks,Value,1989,,Digital
Ringtones & Ringbacks,Value,1990,,Digital
Ringtones & Ringbacks,Value,1991,,Digital
Ringtones & Ringbacks,Value,1992,,Digital
Ringtones & Ringbacks,Value,1993,,Digital
Ringtones & Ringbacks,Value,1994,,Digital
Ringtones & Ringbacks,Value,1995,,Digital
Ringtones & Ringbacks,Value,1996,,Digital
Ringtones & Ringbacks,Value,1997,,Digital
Ringtones & Ringbacks,Value,1998,,Digital
Ringtones & Ringbacks,Value,1999,,Digital
Ringtones & Ringbacks,Value,2000,,Digital
Ringtones & Ringbacks,Value,2001,,Digital
Ringtones & Ringbacks,Value,2002,,Digital
Ringtones & Ringbacks,Value,2003,,Digital
Ringtones & Ringbacks,Value,2004,,Digital
SACD,Value,1973,,Physical
SACD,Value,1974,,Physical
SACD,Value,1975,,Physical
SACD,Value,1976,,Physical
SACD,Value,1977,,Physical
SACD,Value,1978,,Physical
SACD,Value,1979,,Physical
SACD,Value,1980,,Physical
SACD,Value,1981,,Physical
SACD,Value,1982,,Physical
SACD,Value,1983,,Physical
SACD,Value,1984,,Physical
SACD,Value,1985,,Physical
SACD,Value,1986,,Physical
SACD,Value,1987,,Physical
SACD,Value,1988,,Physical
SACD,Value,1989,,Physical
SACD,Value,1990,,Physical
SACD,Value,1991,,Physical
SACD,Value,1992,,Physical
SACD,Value,1993,,Physical
SACD,Value,1994,,Physical
SACD,Value,1995,,Physical
SACD,Value,1996,,Physical
SACD,Value,1997,,Physical
SACD,Value,1998,,Physical
SACD,Value,1999,,Physical
SACD,Value,2000,,Physical
SACD,Value,2001,,Physical
SACD,Value,2002,,Physical
SoundExchange Distributions,Value,1973,,Physical
SoundExchange Distributions,Value,1974,,Physical
SoundExchange Distributions,Value,1975,,Physical
SoundExchange Distributions,Value,1976,,Physical
SoundExchange Distributions,Value,1977,,Physical
SoundExchange Distributions,Value,1978,,Physical
SoundExchange Distributions,Value,1979,,Physical
SoundExchange Distributions,Value,1980,,Physical
SoundExchange Distributions,Value,1981,,Physical
SoundExchange Distributions,Value,1982,,Physical
SoundExchange Distributions,Value,1983,,Physical
SoundExchange Distributions,Value,1984,,Physical
SoundExchange Distributions,Value,1985,,Physical
SoundExchange Distributions,Value,1986,,Physical
SoundExchange Distributions,Value,1987,,Physical
SoundExchange Distributions,Value,1988,,Physical
SoundExchange Distributions,Value,1989,,Physical
SoundExchange Distributions,Value,1990,,Physical
SoundExchange Distributions,Value,1991,,Physical
SoundExchange Distributions,Value,1992,,Physical
SoundExchange Distributions,Value,1993,,Physical
SoundExchange Distributions,Value,1994,,Physical
SoundExchange Distributions,Value,1995,,Physical
SoundExchange Distributions,Value,1996,,Physical
SoundExchange Distributions,Value,1997,,Physical
SoundExchange Distributions,Value,1998,,Physical
SoundExchange Distributions,Value,1999,,Physical
SoundExchange Distributions,Value,2000,,Physical
SoundExchange Distributions,Value,2001,,Physical
SoundExchange Distributions,Value,2002,,Physical
SoundExchange Distributions,Value,2003,,Physical
Synchronization,Value,1973,,Physical
Synchronization,Value,1974,,Physical
Synchronization,Value,1975,,Physical
Synchronization,Value,1976,,Physical
Synchronization,Value,1977,,Physical
Synchronization,Value,1978,,Physical
Synchronization,Value,1979,,Physical
Synchronization,Value,1980,,Physical
Synchronization,Value,1981,,Physical
Synchronization,Value,1982,,Physical
Synchronization,Value,1983,,Physical
Synchronization,Value,1984,,Physical
Synchronization,Value,1985,,Physical
Synchronization,Value,1986,,Physical
Synchronization,Value,1987,,Physical
Synchronization,Value,1988,,Physical
Synchronization,Value,1989,,Physical
Synchronization,Value,1990,,Physical
Synchronization,Value,1991,,Physical
Synchronization,Value,1992,,Physical
Synchronization,Value,1993,,Physical
Synchronization,Value,1994,,Physical
Synchronization,Value,1995,,Physical
Synchronization,Value,1996,,Physical
Synchronization,Value,1997,,Physical
Synchronization,Value,1998,,Physical
Synchronization,Value,1999,,Physical
Synchronization,Value,2000,,Physical
Synchronization,Value,2001,,Physical
Synchronization,Value,2002,,Physical
Synchronization,Value,2003,,Physical
Synchronization,Value,2004,,Physical
Synchronization,Value,2005,,Physical
Synchronization,Value,2006,,Physical
Synchronization,Value,2007,,Physical
Synchronization,Value,2008,,Physical
8 - Track,Value (Adjusted),1973,"2,815.68",Physical
8 - Track,Value (Adjusted),1974,"2,848.01",Physical
8 - Track,Value (Adjusted),1975,"2,770.41",Physical
8 - Track,Value (Adjusted),1976,"3,047.22",Physical
8 - Track,Value (Adjusted),1977,"3,421.42",Physical
8 - Track,Value (Adjusted),1978,"3,717.22",Physical
8 - Track,Value (Adjusted),1979,"2,409.73",Physical
8 - Track,Value (Adjusted),1980,"1,635.09",Physical
8 - Track,Value (Adjusted),1981,880.3150825,Physical
8 - Track,Value (Adjusted),1982,95.37463212,Physical
8 - Track,Value (Adjusted),1983,,Physical
8 - Track,Value (Adjusted),1984,,Physical
8 - Track,Value (Adjusted),1985,,Physical
8 - Track,Value (Adjusted),1986,,Physical
8 - Track,Value (Adjusted),1987,,Physical
8 - Track,Value (Adjusted),1988,,Physical
8 - Track,Value (Adjusted),1989,,Physical
8 - Track,Value (Adjusted),1990,,Physical
8 - Track,Value (Adjusted),1991,,Physical
8 - Track,Value (Adjusted),1992,,Physical
8 - Track,Value (Adjusted),1993,,Physical
8 - Track,Value (Adjusted),1994,,Physical
8 - Track,Value (Adjusted),1995,,Physical
8 - Track,Value (Adjusted),1996,,Physical
8 - Track,Value (Adjusted),1997,,Physical
8 - Track,Value (Adjusted),1998,,Physical
8 - Track,Value (Adjusted),1999,,Physical
8 - Track,Value (Adjusted),2000,,Physical
8 - Track,Value (Adjusted),2001,,Physical
8 - Track,Value (Adjusted),2002,,Physical
8 - Track,Value (Adjusted),2003,,Physical
8 - Track,Value (Adjusted),2004,,Physical
8 - Track,Value (Adjusted),2005,,Physical
8 - Track,Value (Adjusted),2006,,Physical
8 - Track,Value (Adjusted),2007,,Physical
8 - Track,Value (Adjusted),2008,,Physical
8 - Track,Value (Adjusted),2009,,Physical
8 - Track,Value (Adjusted),2010,,Physical
8 - Track,Value (Adjusted),2011,,Physical
8 - Track,Value (Adjusted),2012,,Physical
8 - Track,Value (Adjusted),2013,,Physical
8 - Track,Value (Adjusted),2014,,Physical
8 - Track,Value (Adjusted),2015,,Physical
8 - Track,Value (Adjusted),2016,,Physical
8 - Track,Value (Adjusted),2017,,Physical
8 - Track,Value (Adjusted),2018,,Physical
8 - Track,Value (Adjusted),2019,,Physical
CD,Value (Adjusted),1973,,Physical
CD,Value (Adjusted),1974,,Physical
CD,Value (Adjusted),1975,,Physical
CD,Value (Adjusted),1976,,Physical
CD,Value (Adjusted),1977,,Physical
CD,Value (Adjusted),1978,,Physical
CD,Value (Adjusted),1979,,Physical
CD,Value (Adjusted),1980,,Physical
CD,Value (Adjusted),1981,,Physical
CD,Value (Adjusted),1982,,Physical
CD,Value (Adjusted),1983,44.14960241,Physical
CD,Value (Adjusted),1984,254.1806362,Physical
CD,Value (Adjusted),1985,925.4498281,Physical
CD,Value (Adjusted),1986,"2,169.59",Physical
CD,Value (Adjusted),1987,"3,586.40",Physical
CD,Value (Adjusted),1988,"4,516.46",Physical
CD,Value (Adjusted),1989,"5,335.19",Physical
CD,Value (Adjusted),1990,"6,751.54",Physical
CD,Value (Adjusted),1991,"8,142.17",Physical
CD,Value (Adjusted),1992,"9,706.04",Physical
CD,Value (Adjusted),1993,"11,520.31",Physical
CD,Value (Adjusted),1994,"14,601.95",Physical
CD,Value (Adjusted),1995,"15,730.96",Physical
CD,Value (Adjusted),1996,"16,187.86",Physical
CD,Value (Adjusted),1997,"15,793.55",Physical
CD,Value (Adjusted),1998,"17,905.40",Physical
CD,Value (Adjusted),1999,"19,667.33",Physical
CD,Value (Adjusted),2000,"19,618.93",Physical
CD,Value (Adjusted),2001,"18,635.68",Physical
CD,Value (Adjusted),2002,"17,115.94",Physical
CD,Value (Adjusted),2003,"15,607.44",Physical
CD,Value (Adjusted),2004,"15,491.68",Physical
CD,Value (Adjusted),2005,"13,771.44",Physical
CD,Value (Adjusted),2006,"11,885.77",Physical
CD,Value (Adjusted),2007,"9,190.70",Physical
CD,Value (Adjusted),2008,"6,496.78",Physical
CD,Value (Adjusted),2009,"5,146.58",Physical
CD,Value (Adjusted),2010,"3,973.86",Physical
CD,Value (Adjusted),2011,"3,524.14",Physical
CD,Value (Adjusted),2012,"2,767.78",Physical
CD,Value (Adjusted),2013,"2,349.53",Physical
CD,Value (Adjusted),2014,"1,918.22",Physical
CD,Value (Adjusted),2015,"1,558.63",Physical
CD,Value (Adjusted),2016,"1,204.50",Physical
CD,Value (Adjusted),2017,"1,102.77",Physical
CD,Value (Adjusted),2018,711.0412395,Physical
CD,Value (Adjusted),2019,614.5097799,Physical
CD Single,Value (Adjusted),1973,,Physical
CD Single,Value (Adjusted),1974,,Physical
CD Single,Value (Adjusted),1975,,Physical
CD Single,Value (Adjusted),1976,,Physical
CD Single,Value (Adjusted),1977,,Physical
CD Single,Value (Adjusted),1978,,Physical
CD Single,Value (Adjusted),1979,,Physical
CD Single,Value (Adjusted),1980,,Physical
CD Single,Value (Adjusted),1981,,Physical
CD Single,Value (Adjusted),1982,,Physical
CD Single,Value (Adjusted),1983,,Physical
CD Single,Value (Adjusted),1984,,Physical
CD Single,Value (Adjusted),1985,,Physical
CD Single,Value (Adjusted),1986,,Physical
CD Single,Value (Adjusted),1987,,Physical
CD Single,Value (Adjusted),1988,21.17868639,Physical
CD Single,Value (Adjusted),1989,-1.443225,Physical
CD Single,Value (Adjusted),1990,11.73635807,Physical
CD Single,Value (Adjusted),1991,65.88517401,Physical
CD Single,Value (Adjusted),1992,82.1819722,Physical
CD Single,Value (Adjusted),1993,81.03176886,Physical
CD Single,Value (Adjusted),1994,96.77704251,Physical
CD Single,Value (Adjusted),1995,186.0391161,Physical
CD Single,Value (Adjusted),1996,299.9773977,Physical
CD Single,Value (Adjusted),1997,434.3779682,Physical
CD Single,Value (Adjusted),1998,334.3930822,Physical
CD Single,Value (Adjusted),1999,341.2852149,Physical
CD Single,Value (Adjusted),2000,211.8597787,Physical
CD Single,Value (Adjusted),2001,114.6197956,Physical
CD Single,Value (Adjusted),2002,27.85368093,Physical
CD Single,Value (Adjusted),2003,50.01984783,Physical
CD Single,Value (Adjusted),2004,20.30097935,Physical
CD Single,Value (Adjusted),2005,14.26861905,Physical
CD Single,Value (Adjusted),2006,9.764677083,Physical
CD Single,Value (Adjusted),2007,15.04590159,Physical
CD Single,Value (Adjusted),2008,4.156001078,Physical
CD Single,Value (Adjusted),2009,3.694172567,Physical
CD Single,Value (Adjusted),2010,3.400068331,Physical
CD Single,Value (Adjusted),2011,3.977965137,Physical
CD Single,Value (Adjusted),2012,3.59119832,Physical
CD Single,Value (Adjusted),2013,2.684056894,Physical
CD Single,Value (Adjusted),2014,3.905023683,Physical
CD Single,Value (Adjusted),2015,1.291079457,Physical
CD Single,Value (Adjusted),2016,0.280361354,Physical
CD Single,Value (Adjusted),2017,1.542258972,Physical
CD Single,Value (Adjusted),2018,0.157981482,Physical
CD Single,Value (Adjusted),2019,0.181678878,Physical
Cassette,Value (Adjusted),1973,437.6110811,Physical
Cassette,Value (Adjusted),1974,452.1965598,Physical
Cassette,Value (Adjusted),1975,469.4964981,Physical
Cassette,Value (Adjusted),1976,654.6436714,Physical
Cassette,Value (Adjusted),1977,"1,053.00",Physical
Cassette,Value (Adjusted),1978,"1,763.72",Physical
Cassette,Value (Adjusted),1979,"2,044.55",Physical
Cassette,Value (Adjusted),1980,"2,187.36",Physical
Cassette,Value (Adjusted),1981,"2,989.13",Physical
Cassette,Value (Adjusted),1982,"3,667.95",Physical
Cassette,Value (Adjusted),1983,"4,648.29",Physical
Cassette,Value (Adjusted),1984,"5,865.84",Physical
Cassette,Value (Adjusted),1985,"5,729.71",Physical
Cassette,Value (Adjusted),1986,"5,830.43",Physical
Cassette,Value (Adjusted),1987,"6,660.81",Physical
Cassette,Value (Adjusted),1988,"7,315.51",Physical
Cassette,Value (Adjusted),1989,"6,898.20",Physical
Cassette,Value (Adjusted),1990,"6,792.22",Physical
Cassette,Value (Adjusted),1991,"5,668.00",Physical
Cassette,Value (Adjusted),1992,"5,678.57",Physical
Cassette,Value (Adjusted),1993,"5,158.79",Physical
Cassette,Value (Adjusted),1994,"5,134.53",Physical
Cassette,Value (Adjusted),1995,"3,864.38",Physical
Cassette,Value (Adjusted),1996,"3,104.55",Physical
Cassette,Value (Adjusted),1997,"2,425.48",Physical
Cassette,Value (Adjusted),1998,"2,227.04",Physical
Cassette,Value (Adjusted),1999,"1,629.08",Physical
Cassette,Value (Adjusted),2000,929.3918815,Physical
Cassette,Value (Adjusted),2001,524.5948831,Physical
Cassette,Value (Adjusted),2002,298.1480745,Physical
Cassette,Value (Adjusted),2003,150.1984875,Physical
Cassette,Value (Adjusted),2004,32.07554738,Physical
Cassette,Value (Adjusted),2005,17.14852381,Physical
Cassette,Value (Adjusted),2006,4.69211756,Physical
Cassette,Value (Adjusted),2007,3.699811867,Physical
Cassette,Value (Adjusted),2008,1.068685991,Physical
Cassette,Value (Adjusted),2009,,Physical
Cassette,Value (Adjusted),2010,,Physical
Cassette,Value (Adjusted),2011,,Physical
Cassette,Value (Adjusted),2012,,Physical
Cassette,Value (Adjusted),2013,,Physical
Cassette,Value (Adjusted),2014,,Physical
Cassette,Value (Adjusted),2015,,Physical
Cassette,Value (Adjusted),2016,,Physical
Cassette,Value (Adjusted),2017,,Physical
Cassette,Value (Adjusted),2018,,Physical
Cassette,Value (Adjusted),2019,,Physical
Cassette Single,Value (Adjusted),1973,,Physical
Cassette Single,Value (Adjusted),1974,,Physical
Cassette Single,Value (Adjusted),1975,,Physical
Cassette Single,Value (Adjusted),1976,,Physical
Cassette Single,Value (Adjusted),1977,,Physical
Cassette Single,Value (Adjusted),1978,,Physical
Cassette Single,Value (Adjusted),1979,,Physical
Cassette Single,Value (Adjusted),1980,,Physical
Cassette Single,Value (Adjusted),1981,,Physical
Cassette Single,Value (Adjusted),1982,,Physical
Cassette Single,Value (Adjusted),1983,,Physical
Cassette Single,Value (Adjusted),1984,,Physical
Cassette Single,Value (Adjusted),1985,,Physical
Cassette Single,Value (Adjusted),1986,,Physical
Cassette Single,Value (Adjusted),1987,32.18217518,Physical
Cassette Single,Value (Adjusted),1988,123.8304827,Physical
Cassette Single,Value (Adjusted),1989,401.21655,Physical
Cassette Single,Value (Adjusted),1990,504.4677911,Physical
Cassette Single,Value (Adjusted),1991,432.4770396,Physical
Cassette Single,Value (Adjusted),1992,544.4783436,Physical
Cassette Single,Value (Adjusted),1993,528.1218997,Physical
Cassette Single,Value (Adjusted),1994,474.2247591,Physical
Cassette Single,Value (Adjusted),1995,396.4025532,Physical
Cassette Single,Value (Adjusted),1996,308.4504149,Physical
Cassette Single,Value (Adjusted),1997,212.6492804,Physical
Cassette Single,Value (Adjusted),1998,148.0614773,Physical
Cassette Single,Value (Adjusted),1999,73.65867947,Physical
Cassette Single,Value (Adjusted),2000,6.829397213,Physical
Cassette Single,Value (Adjusted),2001,-7.650943535,Physical
Cassette Single,Value (Adjusted),2002,-2.273769872,Physical
Cassette Single,Value (Adjusted),2003,,Physical
Cassette Single,Value (Adjusted),2004,,Physical
Cassette Single,Value (Adjusted),2005,,Physical
Cassette Single,Value (Adjusted),2006,,Physical
Cassette Single,Value (Adjusted),2007,,Physical
Cassette Single,Value (Adjusted),2008,,Physical
Cassette Single,Value (Adjusted),2009,,Physical
Cassette Single,Value (Adjusted),2010,,Physical
Cassette Single,Value (Adjusted),2011,,Physical
Cassette Single,Value (Adjusted),2012,,Physical
Cassette Single,Value (Adjusted),2013,,Physical
Cassette Single,Value (Adjusted),2014,,Physical
Cassette Single,Value (Adjusted),2015,,Physical
Cassette Single,Value (Adjusted),2016,,Physical
Cassette Single,Value (Adjusted),2017,,Physical
Cassette Single,Value (Adjusted),2018,,Physical
Cassette Single,Value (Adjusted),2019,,Physical
DVD Audio,Value (Adjusted),1973,,Physical
DVD Audio,Value (Adjusted),1974,,Physical
DVD Audio,Value (Adjusted),1975,,Physical
DVD Audio,Value (Adjusted),1976,,Physical
DVD Audio,Value (Adjusted),1977,,Physical
DVD Audio,Value (Adjusted),1978,,Physical
DVD Audio,Value (Adjusted),1979,,Physical
DVD Audio,Value (Adjusted),1980,,Physical
DVD Audio,Value (Adjusted),1981,,Physical
DVD Audio,Value (Adjusted),1982,,Physical
DVD Audio,Value (Adjusted),1983,,Physical
DVD Audio,Value (Adjusted),1984,,Physical
DVD Audio,Value (Adjusted),1985,,Physical
DVD Audio,Value (Adjusted),1986,,Physical
DVD Audio,Value (Adjusted),1987,,Physical
DVD Audio,Value (Adjusted),1988,,Physical
DVD Audio,Value (Adjusted),1989,,Physical
DVD Audio,Value (Adjusted),1990,,Physical
DVD Audio,Value (Adjusted),1991,,Physical
DVD Audio,Value (Adjusted),1992,,Physical
DVD Audio,Value (Adjusted),1993,,Physical
DVD Audio,Value (Adjusted),1994,,Physical
DVD Audio,Value (Adjusted),1995,,Physical
DVD Audio,Value (Adjusted),1996,,Physical
DVD Audio,Value (Adjusted),1997,,Physical
DVD Audio,Value (Adjusted),1998,,Physical
DVD Audio,Value (Adjusted),1999,,Physical
DVD Audio,Value (Adjusted),2000,,Physical
DVD Audio,Value (Adjusted),2001,8.661445511,Physical
DVD Audio,Value (Adjusted),2002,12.07940245,Physical
DVD Audio,Value (Adjusted),2003,11.11552174,Physical
DVD Audio,Value (Adjusted),2004,8.797091053,Physical
DVD Audio,Value (Adjusted),2005,14.66133333,Physical
DVD Audio,Value (Adjusted),2006,3.043535714,Physical
DVD Audio,Value (Adjusted),2007,3.453157742,Physical
DVD Audio,Value (Adjusted),2008,1.424914655,Physical
DVD Audio,Value (Adjusted),2009,1.906669712,Physical
DVD Audio,Value (Adjusted),2010,1.05519362,Physical
DVD Audio,Value (Adjusted),2011,0.34096844,Physical
DVD Audio,Value (Adjusted),2012,0.20389289,Physical
DVD Audio,Value (Adjusted),2013,-0.544116778,Physical
DVD Audio,Value (Adjusted),2014,2.310456232,Physical
DVD Audio,Value (Adjusted),2015,5.842187676,Physical
DVD Audio,Value (Adjusted),2016,3.020431045,Physical
DVD Audio,Value (Adjusted),2017,2.718901189,Physical
DVD Audio,Value (Adjusted),2018,3.377493968,Physical
DVD Audio,Value (Adjusted),2019,1.067303184,Physical
Download Album,Value (Adjusted),1973,,Digital
Download Album,Value (Adjusted),1974,,Digital
Download Album,Value (Adjusted),1975,,Digital
Download Album,Value (Adjusted),1976,,Digital
Download Album,Value (Adjusted),1977,,Digital
Download Album,Value (Adjusted),1978,,Digital
Download Album,Value (Adjusted),1979,,Digital
Download Album,Value (Adjusted),1980,,Digital
Download Album,Value (Adjusted),1981,,Digital
Download Album,Value (Adjusted),1982,,Digital
Download Album,Value (Adjusted),1983,,Digital
Download Album,Value (Adjusted),1984,,Digital
Download Album,Value (Adjusted),1985,,Digital
Download Album,Value (Adjusted),1986,,Digital
Download Album,Value (Adjusted),1987,,Digital
Download Album,Value (Adjusted),1988,,Digital
Download Album,Value (Adjusted),1989,,Digital
Download Album,Value (Adjusted),1990,,Digital
Download Album,Value (Adjusted),1991,,Digital
Download Album,Value (Adjusted),1992,,Digital
Download Album,Value (Adjusted),1993,,Digital
Download Album,Value (Adjusted),1994,,Digital
Download Album,Value (Adjusted),1995,,Digital
Download Album,Value (Adjusted),1996,,Digital
Download Album,Value (Adjusted),1997,,Digital
Download Album,Value (Adjusted),1998,,Digital
Download Album,Value (Adjusted),1999,,Digital
Download Album,Value (Adjusted),2000,,Digital
Download Album,Value (Adjusted),2001,,Digital
Download Album,Value (Adjusted),2002,,Digital
Download Album,Value (Adjusted),2003,,Digital
Download Album,Value (Adjusted),2004,61.57963737,Digital
Download Album,Value (Adjusted),2005,177.6377619,Digital
Download Album,Value (Adjusted),2006,349.8797932,Digital
Download Album,Value (Adjusted),2007,613.4288075,Digital
Download Album,Value (Adjusted),2008,754.373567,Digital
Download Album,Value (Adjusted),2009,886.9589166,Digital
Download Album,Value (Adjusted),2010,"1,022.83",Digital
Download Album,Value (Adjusted),2011,"1,217.03",Digital
Download Album,Value (Adjusted),2012,"1,341.59",Digital
Download Album,Value (Adjusted),2013,"1,352.20",Digital
Download Album,Value (Adjusted),2014,"1,207.25",Digital
Download Album,Value (Adjusted),2015,"1,148.15",Digital
Download Album,Value (Adjusted),2016,925.232201,Digital
Download Album,Value (Adjusted),2017,697.2376182,Digital
Download Album,Value (Adjusted),2018,508.7043884,Digital
Download Album,Value (Adjusted),2019,394.5330062,Digital
Download Music Video,Value (Adjusted),1973,,Digital
Download Music Video,Value (Adjusted),1974,,Digital
Download Music Video,Value (Adjusted),1975,,Digital
Download Music Video,Value (Adjusted),1976,,Digital
Download Music Video,Value (Adjusted),1977,,Digital
Download Music Video,Value (Adjusted),1978,,Digital
Download Music Video,Value (Adjusted),1979,,Digital
Download Music Video,Value (Adjusted),1980,,Digital
Download Music Video,Value (Adjusted),1981,,Digital
Download Music Video,Value (Adjusted),1982,,Digital
Download Music Video,Value (Adjusted),1983,,Digital
Download Music Video,Value (Adjusted),1984,,Digital
Download Music Video,Value (Adjusted),1985,,Digital
Download Music Video,Value (Adjusted),1986,,Digital
Download Music Video,Value (Adjusted),1987,,Digital
Download Music Video,Value (Adjusted),1988,,Digital
Download Music Video,Value (Adjusted),1989,,Digital
Download Music Video,Value (Adjusted),1990,,Digital
Download Music Video,Value (Adjusted),1991,,Digital
Download Music Video,Value (Adjusted),1992,,Digital
Download Music Video,Value (Adjusted),1993,,Digital
Download Music Video,Value (Adjusted),1994,,Digital
Download Music Video,Value (Adjusted),1995,,Digital
Download Music Video,Value (Adjusted),1996,,Digital
Download Music Video,Value (Adjusted),1997,,Digital
Download Music Video,Value (Adjusted),1998,,Digital
Download Music Video,Value (Adjusted),1999,,Digital
Download Music Video,Value (Adjusted),2000,,Digital
Download Music Video,Value (Adjusted),2001,,Digital
Download Music Video,Value (Adjusted),2002,,Digital
Download Music Video,Value (Adjusted),2003,,Digital
Download Music Video,Value (Adjusted),2004,,Digital
Download Music Video,Value (Adjusted),2005,4.84347619,Digital
Download Music Video,Value (Adjusted),2006,24.98235566,Digital
Download Music Video,Value (Adjusted),2007,34.77823155,Digital
Download Music Video,Value (Adjusted),2008,49.04081272,Digital
Download Music Video,Value (Adjusted),2009,48.73924451,Digital
Download Music Video,Value (Adjusted),2010,42.91120721,Digital
Download Music Video,Value (Adjusted),2011,36.82459156,Digital
Download Music Video,Value (Adjusted),2012,23.20820694,Digital
Download Music Video,Value (Adjusted),2013,18.37207499,Digital
Download Music Video,Value (Adjusted),2014,14.6621972,Digital
Download Music Video,Value (Adjusted),2015,6.918875516,Digital
Download Music Video,Value (Adjusted),2016,4.547792467,Digital
Download Music Video,Value (Adjusted),2017,2.905533136,Digital
Download Music Video,Value (Adjusted),2018,2.261051168,Digital
Download Music Video,Value (Adjusted),2019,1.858910402,Digital
Download Single,Value (Adjusted),1973,,Digital
Download Single,Value (Adjusted),1974,,Digital
Download Single,Value (Adjusted),1975,,Digital
Download Single,Value (Adjusted),1976,,Digital
Download Single,Value (Adjusted),1977,,Digital
Download Single,Value (Adjusted),1978,,Digital
Download Single,Value (Adjusted),1979,,Digital
Download Single,Value (Adjusted),1980,,Digital
Download Single,Value (Adjusted),1981,,Digital
Download Single,Value (Adjusted),1982,,Digital
Download Single,Value (Adjusted),1983,,Digital
Download Single,Value (Adjusted),1984,,Digital
Download Single,Value (Adjusted),1985,,Digital
Download Single,Value (Adjusted),1986,,Digital
Download Single,Value (Adjusted),1987,,Digital
Download Single,Value (Adjusted),1988,,Digital
Download Single,Value (Adjusted),1989,,Digital
Download Single,Value (Adjusted),1990,,Digital
Download Single,Value (Adjusted),1991,,Digital
Download Single,Value (Adjusted),1992,,Digital
Download Single,Value (Adjusted),1993,,Digital
Download Single,Value (Adjusted),1994,,Digital
Download Single,Value (Adjusted),1995,,Digital
Download Single,Value (Adjusted),1996,,Digital
Download Single,Value (Adjusted),1997,,Digital
Download Single,Value (Adjusted),1998,,Digital
Download Single,Value (Adjusted),1999,,Digital
Download Single,Value (Adjusted),2000,,Digital
Download Single,Value (Adjusted),2001,,Digital
Download Single,Value (Adjusted),2002,,Digital
Download Single,Value (Adjusted),2003,,Digital
Download Single,Value (Adjusted),2004,186.7690101,Digital
Download Single,Value (Adjusted),2005,475.577,Digital
Download Single,Value (Adjusted),2006,736.2820149,Digital
Download Single,Value (Adjusted),2007,"1,000.18",Digital
Download Single,Value (Adjusted),2008,"1,225.66",Digital
Download Single,Value (Adjusted),2009,"1,396.64",Digital
Download Single,Value (Adjusted),2010,"1,566.85",Digital
Download Single,Value (Adjusted),2011,"1,730.30",Digital
Download Single,Value (Adjusted),2012,"1,831.26",Digital
Download Single,Value (Adjusted),2013,"1,726.74",Digital
Download Single,Value (Adjusted),2014,"1,463.66",Digital
Download Single,Value (Adjusted),2015,"1,278.45",Digital
Download Single,Value (Adjusted),2016,958.8791031,Digital
Download Single,Value (Adjusted),2017,707.6927112,Digital
Download Single,Value (Adjusted),2018,499.3169742,Digital
Download Single,Value (Adjusted),2019,414.804251,Digital
Kiosk,Value (Adjusted),1973,,Digital
Kiosk,Value (Adjusted),1974,,Digital
Kiosk,Value (Adjusted),1975,,Digital
Kiosk,Value (Adjusted),1976,,Digital
Kiosk,Value (Adjusted),1977,,Digital
Kiosk,Value (Adjusted),1978,,Digital
Kiosk,Value (Adjusted),1979,,Digital
Kiosk,Value (Adjusted),1980,,Digital
Kiosk,Value (Adjusted),1981,,Digital
Kiosk,Value (Adjusted),1982,,Digital
Kiosk,Value (Adjusted),1983,,Digital
Kiosk,Value (Adjusted),1984,,Digital
Kiosk,Value (Adjusted),1985,,Digital
Kiosk,Value (Adjusted),1986,,Digital
Kiosk,Value (Adjusted),1987,,Digital
Kiosk,Value (Adjusted),1988,,Digital
Kiosk,Value (Adjusted),1989,,Digital
Kiosk,Value (Adjusted),1990,,Digital
Kiosk,Value (Adjusted),1991,,Digital
Kiosk,Value (Adjusted),1992,,Digital
Kiosk,Value (Adjusted),1993,,Digital
Kiosk,Value (Adjusted),1994,,Digital
Kiosk,Value (Adjusted),1995,,Digital
Kiosk,Value (Adjusted),1996,,Digital
Kiosk,Value (Adjusted),1997,,Digital
Kiosk,Value (Adjusted),1998,,Digital
Kiosk,Value (Adjusted),1999,,Digital
Kiosk,Value (Adjusted),2000,,Digital
Kiosk,Value (Adjusted),2001,,Digital
Kiosk,Value (Adjusted),2002,,Digital
Kiosk,Value (Adjusted),2003,,Digital
Kiosk,Value (Adjusted),2004,,Digital
Kiosk,Value (Adjusted),2005,1.309047619,Digital
Kiosk,Value (Adjusted),2006,2.409465774,Digital
Kiosk,Value (Adjusted),2007,3.206503618,Digital
Kiosk,Value (Adjusted),2008,3.087315086,Digital
Kiosk,Value (Adjusted),2009,7.507511991,Digital
Kiosk,Value (Adjusted),2010,7.503599075,Digital
Kiosk,Value (Adjusted),2011,3.068715963,Digital
Kiosk,Value (Adjusted),2012,4.068866328,Digital
Kiosk,Value (Adjusted),2013,6.786152156,Digital
Kiosk,Value (Adjusted),2014,2.789051821,Digital
Kiosk,Value (Adjusted),2015,3.99147413,Digital
Kiosk,Value (Adjusted),2016,3.13587911,Digital
Kiosk,Value (Adjusted),2017,2.351668038,Digital
Kiosk,Value (Adjusted),2018,2.000651969,Digital
Kiosk,Value (Adjusted),2019,1.586470587,Digital
LP/EP,Value (Adjusted),1973,"7,174.52",Physical
LP/EP,Value (Adjusted),1974,"7,031.86",Physical
LP/EP,Value (Adjusted),1975,"7,056.70",Physical
LP/EP,Value (Adjusted),1976,"7,472.01",Physical
LP/EP,Value (Adjusted),1977,"9,260.61",Physical
LP/EP,Value (Adjusted),1978,"9,698.11",Physical
LP/EP,Value (Adjusted),1979,"7,243.62",Physical
LP/EP,Value (Adjusted),1980,"6,825.79",Physical
LP/EP,Value (Adjusted),1981,"6,586.05",Physical
LP/EP,Value (Adjusted),1982,"5,100.16",Physical
LP/EP,Value (Adjusted),1983,"4,335.39",Physical
LP/EP,Value (Adjusted),1984,"3,810.99",Physical
LP/EP,Value (Adjusted),1985,"3,042.46",Physical
LP/EP,Value (Adjusted),1986,"2,292.98",Physical
LP/EP,Value (Adjusted),1987,"1,784.87",Physical
LP/EP,Value (Adjusted),1988,"1,150.13",Physical
LP/EP,Value (Adjusted),1989,454.203525,Physical
LP/EP,Value (Adjusted),1990,169.1991622,Physical
LP/EP,Value (Adjusted),1991,55.18587225,Physical
LP/EP,Value (Adjusted),1992,24.59992516,Physical
LP/EP,Value (Adjusted),1993,18.75407751,Physical
LP/EP,Value (Adjusted),1994,30.7064413,Physical
LP/EP,Value (Adjusted),1995,42.10623819,Physical
LP/EP,Value (Adjusted),1996,59.96289101,Physical
LP/EP,Value (Adjusted),1997,53.04285421,Physical
LP/EP,Value (Adjusted),1998,53.32722699,Physical
LP/EP,Value (Adjusted),1999,48.79887515,Physical
LP/EP,Value (Adjusted),2000,41.12484843,Physical
LP/EP,Value (Adjusted),2001,39.5539345,Physical
LP/EP,Value (Adjusted),2002,29.13267649,Physical
LP/EP,Value (Adjusted),2003,30.15085272,Physical
LP/EP,Value (Adjusted),2004,26.12059344,Physical
LP/EP,Value (Adjusted),2005,18.58847619,Physical
LP/EP,Value (Adjusted),2006,19.90979613,Physical
LP/EP,Value (Adjusted),2007,28.24189725,Physical
LP/EP,Value (Adjusted),2008,67.32721746,Physical
LP/EP,Value (Adjusted),2009,76.02845477,Physical
LP/EP,Value (Adjusted),2010,104.2296809,Physical
LP/EP,Value (Adjusted),2011,135.7054393,Physical
LP/EP,Value (Adjusted),2012,178.9679822,Physical
LP/EP,Value (Adjusted),2013,231.2740702,Physical
LP/EP,Value (Adjusted),2014,263.3361791,Physical
LP/EP,Value (Adjusted),2015,359.5981629,Physical
LP/EP,Value (Adjusted),2016,378.607271,Physical
LP/EP,Value (Adjusted),2017,405.2120773,Physical
LP/EP,Value (Adjusted),2018,426.8201866,Physical
LP/EP,Value (Adjusted),2019,497.5889208,Physical
Limited Tier Paid Subscription,Value (Adjusted),1973,,Digital
Limited Tier Paid Subscription,Value (Adjusted),1974,,Digital
Limited Tier Paid Subscription,Value (Adjusted),1975,,Digital
Limited Tier Paid Subscription,Value (Adjusted),1976,,Digital
Limited Tier Paid Subscription,Value (Adjusted),1977,,Digital
Limited Tier Paid Subscription,Value (Adjusted),1978,,Digital
Limited Tier Paid Subscription,Value (Adjusted),1979,,Digital
Limited Tier Paid Subscription,Value (Adjusted),1980,,Digital
Limited Tier Paid Subscription,Value (Adjusted),1981,,Digital
Limited Tier Paid Subscription,Value (Adjusted),1982,,Digital
Limited Tier Paid Subscription,Value (Adjusted),1983,,Digital
Limited Tier Paid Subscription,Value (Adjusted),1984,,Digital
Limited Tier Paid Subscription,Value (Adjusted),1985,,Digital
Limited Tier Paid Subscription,Value (Adjusted),1986,,Digital
Limited Tier Paid Subscription,Value (Adjusted),1987,,Digital
Limited Tier Paid Subscription,Value (Adjusted),1988,,Digital
Limited Tier Paid Subscription,Value (Adjusted),1989,,Digital
Limited Tier Paid Subscription,Value (Adjusted),1990,,Digital
Limited Tier Paid Subscription,Value (Adjusted),1991,,Digital
Limited Tier Paid Subscription,Value (Adjusted),1992,,Digital
Limited Tier Paid Subscription,Value (Adjusted),1993,,Digital
Limited Tier Paid Subscription,Value (Adjusted),1994,,Digital
Limited Tier Paid Subscription,Value (Adjusted),1995,,Digital
Limited Tier Paid Subscription,Value (Adjusted),1996,,Digital
Limited Tier Paid Subscription,Value (Adjusted),1997,,Digital
Limited Tier Paid Subscription,Value (Adjusted),1998,,Digital
Limited Tier Paid Subscription,Value (Adjusted),1999,,Digital
Limited Tier Paid Subscription,Value (Adjusted),2000,,Digital
Limited Tier Paid Subscription,Value (Adjusted),2001,,Digital
Limited Tier Paid Subscription,Value (Adjusted),2002,,Digital
Limited Tier Paid Subscription,Value (Adjusted),2003,,Digital
Limited Tier Paid Subscription,Value (Adjusted),2004,,Digital
Limited Tier Paid Subscription,Value (Adjusted),2005,,Digital
Limited Tier Paid Subscription,Value (Adjusted),2006,,Digital
Limited Tier Paid Subscription,Value (Adjusted),2007,,Digital
Limited Tier Paid Subscription,Value (Adjusted),2008,,Digital
Limited Tier Paid Subscription,Value (Adjusted),2009,,Digital
Limited Tier Paid Subscription,Value (Adjusted),2010,,Digital
Limited Tier Paid Subscription,Value (Adjusted),2011,,Digital
Limited Tier Paid Subscription,Value (Adjusted),2012,,Digital
Limited Tier Paid Subscription,Value (Adjusted),2013,,Digital
Limited Tier Paid Subscription,Value (Adjusted),2014,,Digital
Limited Tier Paid Subscription,Value (Adjusted),2015,,Digital
Limited Tier Paid Subscription,Value (Adjusted),2016,280.5366913,Digital
Limited Tier Paid Subscription,Value (Adjusted),2017,617.032318,Digital
Limited Tier Paid Subscription,Value (Adjusted),2018,760.591366,Digital
Limited Tier Paid Subscription,Value (Adjusted),2019,829.4987397,Digital
Music Video (Physical),Value (Adjusted),1973,,Physical
Music Video (Physical),Value (Adjusted),1974,,Physical
Music Video (Physical),Value (Adjusted),1975,,Physical
Music Video (Physical),Value (Adjusted),1976,,Physical
Music Video (Physical),Value (Adjusted),1977,,Physical
Music Video (Physical),Value (Adjusted),1978,,Physical
Music Video (Physical),Value (Adjusted),1979,,Physical
Music Video (Physical),Value (Adjusted),1980,,Physical
Music Video (Physical),Value (Adjusted),1981,,Physical
Music Video (Physical),Value (Adjusted),1982,,Physical
Music Video (Physical),Value (Adjusted),1983,,Physical
Music Video (Physical),Value (Adjusted),1984,,Physical
Music Video (Physical),Value (Adjusted),1985,,Physical
Music Video (Physical),Value (Adjusted),1986,,Physical
Music Video (Physical),Value (Adjusted),1987,,Physical
Music Video (Physical),Value (Adjusted),1988,,Physical
Music Video (Physical),Value (Adjusted),1989,237.92595,Physical
Music Video (Physical),Value (Adjusted),1990,337.0290826,Physical
Music Video (Physical),Value (Adjusted),1991,221.6820242,Physical
Music Video (Physical),Value (Adjusted),1992,286.8169052,Physical
Music Video (Physical),Value (Adjusted),1993,377.3815785,Physical
Music Video (Physical),Value (Adjusted),1994,398.6662126,Physical
Music Video (Physical),Value (Adjusted),1995,369.5619232,Physical
Music Video (Physical),Value (Adjusted),1996,384.7075698,Physical
Music Video (Physical),Value (Adjusted),1997,515.9333477,Physical
Music Video (Physical),Value (Adjusted),1998,796.7715092,Physical
Music Video (Physical),Value (Adjusted),1999,578.0671783,Physical
Music Video (Physical),Value (Adjusted),2000,418.523277,Physical
Music Video (Physical),Value (Adjusted),2001,475.2246437,Physical
Music Video (Physical),Value (Adjusted),2002,409.8470195,Physical
Music Video (Physical),Value (Adjusted),2003,555.6371429,Physical
Music Video (Physical),Value (Adjusted),2004,821.7836443,Physical
Music Video (Physical),Value (Adjusted),2005,788.3084762,Physical
Music Video (Physical),Value (Adjusted),2006,572.0579003,Physical
Music Video (Physical),Value (Adjusted),2007,598.0129247,Physical
Music Video (Physical),Value (Adjusted),2008,269.9025843,Physical
Music Video (Physical),Value (Adjusted),2009,249.7737323,Physical
Music Video (Physical),Value (Adjusted),2010,208.2248743,Physical
Music Video (Physical),Value (Adjusted),2011,171.6207816,Physical
Music Video (Physical),Value (Adjusted),2012,129.8513772,Physical
Music Video (Physical),Value (Adjusted),2013,116.6396724,Physical
Music Video (Physical),Value (Adjusted),2014,96.87525106,Physical
Music Video (Physical),Value (Adjusted),2015,75.97361449,Physical
Music Video (Physical),Value (Adjusted),2016,60.63464218,Physical
Music Video (Physical),Value (Adjusted),2017,40.27958535,Physical
Music Video (Physical),Value (Adjusted),2018,28.06066388,Physical
Music Video (Physical),Value (Adjusted),2019,27.70524678,Physical
On-Demand Streaming (Ad-Supported),Value (Adjusted),1973,,Digital
On-Demand Streaming (Ad-Supported),Value (Adjusted),1974,,Digital
On-Demand Streaming (Ad-Supported),Value (Adjusted),1975,,Digital
On-Demand Streaming (Ad-Supported),Value (Adjusted),1976,,Digital
On-Demand Streaming (Ad-Supported),Value (Adjusted),1977,,Digital
On-Demand Streaming (Ad-Supported),Value (Adjusted),1978,,Digital
On-Demand Streaming (Ad-Supported),Value (Adjusted),1979,,Digital
On-Demand Streaming (Ad-Supported),Value (Adjusted),1980,,Digital
On-Demand Streaming (Ad-Supported),Value (Adjusted),1981,,Digital
On-Demand Streaming (Ad-Supported),Value (Adjusted),1982,,Digital
On-Demand Streaming (Ad-Supported),Value (Adjusted),1983,,Digital
On-Demand Streaming (Ad-Supported),Value (Adjusted),1984,,Digital
On-Demand Streaming (Ad-Supported),Value (Adjusted),1985,,Digital
On-Demand Streaming (Ad-Supported),Value (Adjusted),1986,,Digital
On-Demand Streaming (Ad-Supported),Value (Adjusted),1987,,Digital
On-Demand Streaming (Ad-Supported),Value (Adjusted),1988,,Digital
On-Demand Streaming (Ad-Supported),Value (Adjusted),1989,,Digital
On-Demand Streaming (Ad-Supported),Value (Adjusted),1990,,Digital
On-Demand Streaming (Ad-Supported),Value (Adjusted),1991,,Digital
On-Demand Streaming (Ad-Supported),Value (Adjusted),1992,,Digital
On-Demand Streaming (Ad-Supported),Value (Adjusted),1993,,Digital
On-Demand Streaming (Ad-Supported),Value (Adjusted),1994,,Digital
On-Demand Streaming (Ad-Supported),Value (Adjusted),1995,,Digital
On-Demand Streaming (Ad-Supported),Value (Adjusted),1996,,Digital
On-Demand Streaming (Ad-Supported),Value (Adjusted),1997,,Digital
On-Demand Streaming (Ad-Supported),Value (Adjusted),1998,,Digital
On-Demand Streaming (Ad-Supported),Value (Adjusted),1999,,Digital
On-Demand Streaming (Ad-Supported),Value (Adjusted),2000,,Digital
On-Demand Streaming (Ad-Supported),Value (Adjusted),2001,,Digital
On-Demand Streaming (Ad-Supported),Value (Adjusted),2002,,Digital
On-Demand Streaming (Ad-Supported),Value (Adjusted),2003,,Digital
On-Demand Streaming (Ad-Supported),Value (Adjusted),2004,,Digital
On-Demand Streaming (Ad-Supported),Value (Adjusted),2005,,Digital
On-Demand Streaming (Ad-Supported),Value (Adjusted),2006,,Digital
On-Demand Streaming (Ad-Supported),Value (Adjusted),2007,,Digital
On-Demand Streaming (Ad-Supported),Value (Adjusted),2008,,Digital
On-Demand Streaming (Ad-Supported),Value (Adjusted),2009,,Digital
On-Demand Streaming (Ad-Supported),Value (Adjusted),2010,,Digital
On-Demand Streaming (Ad-Supported),Value (Adjusted),2011,129.340695,Digital
On-Demand Streaming (Ad-Supported),Value (Adjusted),2012,190.3396156,Digital
On-Demand Streaming (Ad-Supported),Value (Adjusted),2013,242.3960978,Digital
On-Demand Streaming (Ad-Supported),Value (Adjusted),2014,306.475448,Digital
On-Demand Streaming (Ad-Supported),Value (Adjusted),2015,401.2452641,Digital
On-Demand Streaming (Ad-Supported),Value (Adjusted),2016,521.288175,Digital
On-Demand Streaming (Ad-Supported),Value (Adjusted),2017,686.9180813,Digital
On-Demand Streaming (Ad-Supported),Value (Adjusted),2018,773.2949167,Digital
On-Demand Streaming (Ad-Supported),Value (Adjusted),2019,908.1493305,Digital
Other Ad-Supported Streaming,Value (Adjusted),1973,,Digital
Other Ad-Supported Streaming,Value (Adjusted),1974,,Digital
Other Ad-Supported Streaming,Value (Adjusted),1975,,Digital
Other Ad-Supported Streaming,Value (Adjusted),1976,,Digital
Other Ad-Supported Streaming,Value (Adjusted),1977,,Digital
Other Ad-Supported Streaming,Value (Adjusted),1978,,Digital
Other Ad-Supported Streaming,Value (Adjusted),1979,,Digital
Other Ad-Supported Streaming,Value (Adjusted),1980,,Digital
Other Ad-Supported Streaming,Value (Adjusted),1981,,Digital
Other Ad-Supported Streaming,Value (Adjusted),1982,,Digital
Other Ad-Supported Streaming,Value (Adjusted),1983,,Digital
Other Ad-Supported Streaming,Value (Adjusted),1984,,Digital
Other Ad-Supported Streaming,Value (Adjusted),1985,,Digital
Other Ad-Supported Streaming,Value (Adjusted),1986,,Digital
Other Ad-Supported Streaming,Value (Adjusted),1987,,Digital
Other Ad-Supported Streaming,Value (Adjusted),1988,,Digital
Other Ad-Supported Streaming,Value (Adjusted),1989,,Digital
Other Ad-Supported Streaming,Value (Adjusted),1990,,Digital
Other Ad-Supported Streaming,Value (Adjusted),1991,,Digital
Other Ad-Supported Streaming,Value (Adjusted),1992,,Digital
Other Ad-Supported Streaming,Value (Adjusted),1993,,Digital
Other Ad-Supported Streaming,Value (Adjusted),1994,,Digital
Other Ad-Supported Streaming,Value (Adjusted),1995,,Digital
Other Ad-Supported Streaming,Value (Adjusted),1996,,Digital
Other Ad-Supported Streaming,Value (Adjusted),1997,,Digital
Other Ad-Supported Streaming,Value (Adjusted),1998,,Digital
Other Ad-Supported Streaming,Value (Adjusted),1999,,Digital
Other Ad-Supported Streaming,Value (Adjusted),2000,,Digital
Other Ad-Supported Streaming,Value (Adjusted),2001,,Digital
Other Ad-Supported Streaming,Value (Adjusted),2002,,Digital
Other Ad-Supported Streaming,Value (Adjusted),2003,,Digital
Other Ad-Supported Streaming,Value (Adjusted),2004,,Digital
Other Ad-Supported Streaming,Value (Adjusted),2005,,Digital
Other Ad-Supported Streaming,Value (Adjusted),2006,,Digital
Other Ad-Supported Streaming,Value (Adjusted),2007,,Digital
Other Ad-Supported Streaming,Value (Adjusted),2008,,Digital
Other Ad-Supported Streaming,Value (Adjusted),2009,,Digital
Other Ad-Supported Streaming,Value (Adjusted),2010,,Digital
Other Ad-Supported Streaming,Value (Adjusted),2011,,Digital
Other Ad-Supported Streaming,Value (Adjusted),2012,,Digital
Other Ad-Supported Streaming,Value (Adjusted),2013,,Digital
Other Ad-Supported Streaming,Value (Adjusted),2014,,Digital
Other Ad-Supported Streaming,Value (Adjusted),2015,,Digital
Other Ad-Supported Streaming,Value (Adjusted),2016,86.55959668,Digital
Other Ad-Supported Streaming,Value (Adjusted),2017,273.040319,Digital
Other Ad-Supported Streaming,Value (Adjusted),2018,255.9674439,Digital
Other Ad-Supported Streaming,Value (Adjusted),2019,251.0647101,Digital
Other Digital,Value (Adjusted),1973,,Digital
Other Digital,Value (Adjusted),1974,,Digital
Other Digital,Value (Adjusted),1975,,Digital
Other Digital,Value (Adjusted),1976,,Digital
Other Digital,Value (Adjusted),1977,,Digital
Other Digital,Value (Adjusted),1978,,Digital
Other Digital,Value (Adjusted),1979,,Digital
Other Digital,Value (Adjusted),1980,,Digital
Other Digital,Value (Adjusted),1981,,Digital
Other Digital,Value (Adjusted),1982,,Digital
Other Digital,Value (Adjusted),1983,,Digital
Other Digital,Value (Adjusted),1984,,Digital
Other Digital,Value (Adjusted),1985,,Digital
Other Digital,Value (Adjusted),1986,,Digital
Other Digital,Value (Adjusted),1987,,Digital
Other Digital,Value (Adjusted),1988,,Digital
Other Digital,Value (Adjusted),1989,,Digital
Other Digital,Value (Adjusted),1990,,Digital
Other Digital,Value (Adjusted),1991,,Digital
Other Digital,Value (Adjusted),1992,,Digital
Other Digital,Value (Adjusted),1993,,Digital
Other Digital,Value (Adjusted),1994,,Digital
Other Digital,Value (Adjusted),1995,,Digital
Other Digital,Value (Adjusted),1996,,Digital
Other Digital,Value (Adjusted),1997,,Digital
Other Digital,Value (Adjusted),1998,,Digital
Other Digital,Value (Adjusted),1999,,Digital
Other Digital,Value (Adjusted),2000,,Digital
Other Digital,Value (Adjusted),2001,,Digital
Other Digital,Value (Adjusted),2002,,Digital
Other Digital,Value (Adjusted),2003,,Digital
Other Digital,Value (Adjusted),2004,,Digital
Other Digital,Value (Adjusted),2005,,Digital
Other Digital,Value (Adjusted),2006,,Digital
Other Digital,Value (Adjusted),2007,,Digital
Other Digital,Value (Adjusted),2008,,Digital
Other Digital,Value (Adjusted),2009,,Digital
Other Digital,Value (Adjusted),2010,,Digital
Other Digital,Value (Adjusted),2011,,Digital
Other Digital,Value (Adjusted),2012,,Digital
Other Digital,Value (Adjusted),2013,,Digital
Other Digital,Value (Adjusted),2014,,Digital
Other Digital,Value (Adjusted),2015,,Digital
Other Digital,Value (Adjusted),2016,18.25940954,Digital
Other Digital,Value (Adjusted),2017,17.61095192,Digital
Other Digital,Value (Adjusted),2018,20.19906331,Digital
Other Digital,Value (Adjusted),2019,21.51717501,Digital
Other Tapes,Value (Adjusted),1973,89.82543243,Physical
Other Tapes,Value (Adjusted),1974,68.97034686,Physical
Other Tapes,Value (Adjusted),1975,48.47028625,Physical
Other Tapes,Value (Adjusted),1976,22.91477504,Physical
Other Tapes,Value (Adjusted),1977,,Physical
Other Tapes,Value (Adjusted),1978,,Physical
Other Tapes,Value (Adjusted),1979,,Physical
Other Tapes,Value (Adjusted),1980,,Physical
Other Tapes,Value (Adjusted),1981,,Physical
Other Tapes,Value (Adjusted),1982,,Physical
Other Tapes,Value (Adjusted),1983,,Physical
Other Tapes,Value (Adjusted),1984,,Physical
Other Tapes,Value (Adjusted),1985,,Physical
Other Tapes,Value (Adjusted),1986,,Physical
Other Tapes,Value (Adjusted),1987,,Physical
Other Tapes,Value (Adjusted),1988,,Physical
Other Tapes,Value (Adjusted),1989,,Physical
Other Tapes,Value (Adjusted),1990,,Physical
Other Tapes,Value (Adjusted),1991,,Physical
Other Tapes,Value (Adjusted),1992,,Physical
Other Tapes,Value (Adjusted),1993,,Physical
Other Tapes,Value (Adjusted),1994,,Physical
Other Tapes,Value (Adjusted),1995,,Physical
Other Tapes,Value (Adjusted),1996,,Physical
Other Tapes,Value (Adjusted),1997,,Physical
Other Tapes,Value (Adjusted),1998,,Physical
Other Tapes,Value (Adjusted),1999,,Physical
Other Tapes,Value (Adjusted),2000,,Physical
Other Tapes,Value (Adjusted),2001,,Physical
Other Tapes,Value (Adjusted),2002,,Physical
Other Tapes,Value (Adjusted),2003,,Physical
Other Tapes,Value (Adjusted),2004,,Physical
Other Tapes,Value (Adjusted),2005,,Physical
Other Tapes,Value (Adjusted),2006,,Physical
Other Tapes,Value (Adjusted),2007,,Physical
Other Tapes,Value (Adjusted),2008,,Physical
Other Tapes,Value (Adjusted),2009,,Physical
Other Tapes,Value (Adjusted),2010,,Physical
Other Tapes,Value (Adjusted),2011,,Physical
Other Tapes,Value (Adjusted),2012,,Physical
Other Tapes,Value (Adjusted),2013,,Physical
Other Tapes,Value (Adjusted),2014,,Physical
Other Tapes,Value (Adjusted),2015,,Physical
Other Tapes,Value (Adjusted),2016,,Physical
Other Tapes,Value (Adjusted),2017,,Physical
Other Tapes,Value (Adjusted),2018,,Physical
Other Tapes,Value (Adjusted),2019,,Physical
Paid Subscription,Value (Adjusted),1973,,Digital
Paid Subscription,Value (Adjusted),1974,,Digital
Paid Subscription,Value (Adjusted),1975,,Digital
Paid Subscription,Value (Adjusted),1976,,Digital
Paid Subscription,Value (Adjusted),1977,,Digital
Paid Subscription,Value (Adjusted),1978,,Digital
Paid Subscription,Value (Adjusted),1979,,Digital
Paid Subscription,Value (Adjusted),1980,,Digital
Paid Subscription,Value (Adjusted),1981,,Digital
Paid Subscription,Value (Adjusted),1982,,Digital
Paid Subscription,Value (Adjusted),1983,,Digital
Paid Subscription,Value (Adjusted),1984,,Digital
Paid Subscription,Value (Adjusted),1985,,Digital
Paid Subscription,Value (Adjusted),1986,,Digital
Paid Subscription,Value (Adjusted),1987,,Digital
Paid Subscription,Value (Adjusted),1988,,Digital
Paid Subscription,Value (Adjusted),1989,,Digital
Paid Subscription,Value (Adjusted),1990,,Digital
Paid Subscription,Value (Adjusted),1991,,Digital
Paid Subscription,Value (Adjusted),1992,,Digital
Paid Subscription,Value (Adjusted),1993,,Digital
Paid Subscription,Value (Adjusted),1994,,Digital
Paid Subscription,Value (Adjusted),1995,,Digital
Paid Subscription,Value (Adjusted),1996,,Digital
Paid Subscription,Value (Adjusted),1997,,Digital
Paid Subscription,Value (Adjusted),1998,,Digital
Paid Subscription,Value (Adjusted),1999,,Digital
Paid Subscription,Value (Adjusted),2000,,Digital
Paid Subscription,Value (Adjusted),2001,,Digital
Paid Subscription,Value (Adjusted),2002,,Digital
Paid Subscription,Value (Adjusted),2003,,Digital
Paid Subscription,Value (Adjusted),2004,,Digital
Paid Subscription,Value (Adjusted),2005,195.3099048,Digital
Paid Subscription,Value (Adjusted),2006,261.4904435,Digital
Paid Subscription,Value (Adjusted),2007,288.5853256,Digital
Paid Subscription,Value (Adjusted),2008,262.8967539,Digital
Paid Subscription,Value (Adjusted),2009,245.7220591,Digital
Paid Subscription,Value (Adjusted),2010,249.0256943,Digital
Paid Subscription,Value (Adjusted),2011,281.6399317,Digital
Paid Subscription,Value (Adjusted),2012,445.2763062,Digital
Paid Subscription,Value (Adjusted),2013,706.0116575,Digital
Paid Subscription,Value (Adjusted),2014,831.8340275,Digital
Paid Subscription,Value (Adjusted),2015,"1,247.68",Digital
Paid Subscription,Value (Adjusted),2016,"2,390.49",Digital
Paid Subscription,Value (Adjusted),2017,"3,651.03",Digital
Paid Subscription,Value (Adjusted),2018,"4,740.33",Digital
Paid Subscription,Value (Adjusted),2019,"5,934.40",Digital
Ringtones & Ringbacks,Value (Adjusted),1973,,Digital
Ringtones & Ringbacks,Value (Adjusted),1974,,Digital
Ringtones & Ringbacks,Value (Adjusted),1975,,Digital
Ringtones & Ringbacks,Value (Adjusted),1976,,Digital
Ringtones & Ringbacks,Value (Adjusted),1977,,Digital
Ringtones & Ringbacks,Value (Adjusted),1978,,Digital
Ringtones & Ringbacks,Value (Adjusted),1979,,Digital
Ringtones & Ringbacks,Value (Adjusted),1980,,Digital
Ringtones & Ringbacks,Value (Adjusted),1981,,Digital
Ringtones & Ringbacks,Value (Adjusted),1982,,Digital
Ringtones & Ringbacks,Value (Adjusted),1983,,Digital
Ringtones & Ringbacks,Value (Adjusted),1984,,Digital
Ringtones & Ringbacks,Value (Adjusted),1985,,Digital
Ringtones & Ringbacks,Value (Adjusted),1986,,Digital
Ringtones & Ringbacks,Value (Adjusted),1987,,Digital
Ringtones & Ringbacks,Value (Adjusted),1988,,Digital
Ringtones & Ringbacks,Value (Adjusted),1989,,Digital
Ringtones & Ringbacks,Value (Adjusted),1990,,Digital
Ringtones & Ringbacks,Value (Adjusted),1991,,Digital
Ringtones & Ringbacks,Value (Adjusted),1992,,Digital
Ringtones & Ringbacks,Value (Adjusted),1993,,Digital
Ringtones & Ringbacks,Value (Adjusted),1994,,Digital
Ringtones & Ringbacks,Value (Adjusted),1995,,Digital
Ringtones & Ringbacks,Value (Adjusted),1996,,Digital
Ringtones & Ringbacks,Value (Adjusted),1997,,Digital
Ringtones & Ringbacks,Value (Adjusted),1998,,Digital
Ringtones & Ringbacks,Value (Adjusted),1999,,Digital
Ringtones & Ringbacks,Value (Adjusted),2000,,Digital
Ringtones & Ringbacks,Value (Adjusted),2001,,Digital
Ringtones & Ringbacks,Value (Adjusted),2002,,Digital
Ringtones & Ringbacks,Value (Adjusted),2003,,Digital
Ringtones & Ringbacks,Value (Adjusted),2004,,Digital
Ringtones & Ringbacks,Value (Adjusted),2005,551.8944762,Digital
Ringtones & Ringbacks,Value (Adjusted),2006,981.2866399,Digital
Ringtones & Ringbacks,Value (Adjusted),2007,"1,302.09",Digital
Ringtones & Ringbacks,Value (Adjusted),2008,"1,160.24",Digital
Ringtones & Ringbacks,Value (Adjusted),2009,837.504671,Digital
Ringtones & Ringbacks,Value (Adjusted),2010,525.2519353,Digital
Ringtones & Ringbacks,Value (Adjusted),2011,313.9182774,Digital
Ringtones & Ringbacks,Value (Adjusted),2012,162.5657282,Digital
Ringtones & Ringbacks,Value (Adjusted),2013,107.5489764,Digital
Ringtones & Ringbacks,Value (Adjusted),2014,71.61127201,Digital
Ringtones & Ringbacks,Value (Adjusted),2015,58.87458101,Digital
Ringtones & Ringbacks,Value (Adjusted),2016,59.99807088,Digital
Ringtones & Ringbacks,Value (Adjusted),2017,37.04036846,Digital
Ringtones & Ringbacks,Value (Adjusted),2018,25.41009037,Digital
Ringtones & Ringbacks,Value (Adjusted),2019,21.4267369,Digital
SACD,Value (Adjusted),1973,,Physical
SACD,Value (Adjusted),1974,,Physical
SACD,Value (Adjusted),1975,,Physical
SACD,Value (Adjusted),1976,,Physical
SACD,Value (Adjusted),1977,,Physical
SACD,Value (Adjusted),1978,,Physical
SACD,Value (Adjusted),1979,,Physical
SACD,Value (Adjusted),1980,,Physical
SACD,Value (Adjusted),1981,,Physical
SACD,Value (Adjusted),1982,,Physical
SACD,Value (Adjusted),1983,,Physical
SACD,Value (Adjusted),1984,,Physical
SACD,Value (Adjusted),1985,,Physical
SACD,Value (Adjusted),1986,,Physical
SACD,Value (Adjusted),1987,,Physical
SACD,Value (Adjusted),1988,,Physical
SACD,Value (Adjusted),1989,,Physical
SACD,Value (Adjusted),1990,,Physical
SACD,Value (Adjusted),1991,,Physical
SACD,Value (Adjusted),1992,,Physical
SACD,Value (Adjusted),1993,,Physical
SACD,Value (Adjusted),1994,,Physical
SACD,Value (Adjusted),1995,,Physical
SACD,Value (Adjusted),1996,,Physical
SACD,Value (Adjusted),1997,,Physical
SACD,Value (Adjusted),1998,,Physical
SACD,Value (Adjusted),1999,,Physical
SACD,Value (Adjusted),2000,,Physical
SACD,Value (Adjusted),2001,,Physical
SACD,Value (Adjusted),2002,,Physical
SACD,Value (Adjusted),2003,36.54227772,Physical
SACD,Value (Adjusted),2004,22.46641715,Physical
SACD,Value (Adjusted),2005,13.09047619,Physical
SACD,Value (Adjusted),2006,6.974769345,Physical
SACD,Value (Adjusted),2007,4.43977424,Physical
SACD,Value (Adjusted),2008,3.681029526,Physical
SACD,Value (Adjusted),2009,2.860004568,Physical
SACD,Value (Adjusted),2010,1.993143504,Physical
SACD,Value (Adjusted),2011,1.704842202,Physical
SACD,Value (Adjusted),2012,1.494897613,Physical
SACD,Value (Adjusted),2013,1.073719014,Physical
SACD,Value (Adjusted),2014,0.82446336,Physical
SACD,Value (Adjusted),2015,1.125529098,Physical
SACD,Value (Adjusted),2016,1.28555661,Physical
SACD,Value (Adjusted),2017,0.887142473,Physical
SACD,Value (Adjusted),2018,0.875277267,Physical
SACD,Value (Adjusted),2019,0.433302292,Physical
SoundExchange Distributions,Value (Adjusted),1973,,Physical
SoundExchange Distributions,Value (Adjusted),1974,,Physical
SoundExchange Distributions,Value (Adjusted),1975,,Physical
SoundExchange Distributions,Value (Adjusted),1976,,Physical
SoundExchange Distributions,Value (Adjusted),1977,,Physical
SoundExchange Distributions,Value (Adjusted),1978,,Physical
SoundExchange Distributions,Value (Adjusted),1979,,Physical
SoundExchange Distributions,Value (Adjusted),1980,,Physical
SoundExchange Distributions,Value (Adjusted),1981,,Physical
SoundExchange Distributions,Value (Adjusted),1982,,Physical
SoundExchange Distributions,Value (Adjusted),1983,,Physical
SoundExchange Distributions,Value (Adjusted),1984,,Physical
SoundExchange Distributions,Value (Adjusted),1985,,Physical
SoundExchange Distributions,Value (Adjusted),1986,,Physical
SoundExchange Distributions,Value (Adjusted),1987,,Physical
SoundExchange Distributions,Value (Adjusted),1988,,Physical
SoundExchange Distributions,Value (Adjusted),1989,,Physical
SoundExchange Distributions,Value (Adjusted),1990,,Physical
SoundExchange Distributions,Value (Adjusted),1991,,Physical
SoundExchange Distributions,Value (Adjusted),1992,,Physical
SoundExchange Distributions,Value (Adjusted),1993,,Physical
SoundExchange Distributions,Value (Adjusted),1994,,Physical
SoundExchange Distributions,Value (Adjusted),1995,,Physical
SoundExchange Distributions,Value (Adjusted),1996,,Physical
SoundExchange Distributions,Value (Adjusted),1997,,Physical
SoundExchange Distributions,Value (Adjusted),1998,,Physical
SoundExchange Distributions,Value (Adjusted),1999,,Physical
SoundExchange Distributions,Value (Adjusted),2000,,Physical
SoundExchange Distributions,Value (Adjusted),2001,,Physical
SoundExchange Distributions,Value (Adjusted),2002,,Physical
SoundExchange Distributions,Value (Adjusted),2003,,Physical
SoundExchange Distributions,Value (Adjusted),2004,9.338450503,Physical
SoundExchange Distributions,Value (Adjusted),2005,26.70457143,Physical
SoundExchange Distributions,Value (Adjusted),2006,41.5949881,Physical
SoundExchange Distributions,Value (Adjusted),2007,44.64439653,Physical
SoundExchange Distributions,Value (Adjusted),2008,118.7428879,Physical
SoundExchange Distributions,Value (Adjusted),2009,185.3044626,Physical
SoundExchange Distributions,Value (Adjusted),2010,292.171389,Physical
SoundExchange Distributions,Value (Adjusted),2011,331.8759486,Physical
SoundExchange Distributions,Value (Adjusted),2012,514.445212,Physical
SoundExchange Distributions,Value (Adjusted),2013,647.9302738,Physical
SoundExchange Distributions,Value (Adjusted),2014,835.2135873,Physical
SoundExchange Distributions,Value (Adjusted),2015,865.7197931,Physical
SoundExchange Distributions,Value (Adjusted),2016,941.5359648,Physical
SoundExchange Distributions,Value (Adjusted),2017,680.0275946,Physical
SoundExchange Distributions,Value (Adjusted),2018,970.0645127,Physical
SoundExchange Distributions,Value (Adjusted),2019,908.2,Physical
Synchronization,Value (Adjusted),1973,,Physical
Synchronization,Value (Adjusted),1974,,Physical
Synchronization,Value (Adjusted),1975,,Physical
Synchronization,Value (Adjusted),1976,,Physical
Synchronization,Value (Adjusted),1977,,Physical
Synchronization,Value (Adjusted),1978,,Physical
Synchronization,Value (Adjusted),1979,,Physical
Synchronization,Value (Adjusted),1980,,Physical
Synchronization,Value (Adjusted),1981,,Physical
Synchronization,Value (Adjusted),1982,,Physical
Synchronization,Value (Adjusted),1983,,Physical
Synchronization,Value (Adjusted),1984,,Physical
Synchronization,Value (Adjusted),1985,,Physical
Synchronization,Value (Adjusted),1986,,Physical
Synchronization,Value (Adjusted),1987,,Physical
Synchronization,Value (Adjusted),1988,,Physical
Synchronization,Value (Adjusted),1989,,Physical
Synchronization,Value (Adjusted),1990,,Physical
Synchronization,Value (Adjusted),1991,,Physical
Synchronization,Value (Adjusted),1992,,Physical
Synchronization,Value (Adjusted),1993,,Physical
Synchronization,Value (Adjusted),1994,,Physical
Synchronization,Value (Adjusted),1995,,Physical
Synchronization,Value (Adjusted),1996,,Physical
Synchronization,Value (Adjusted),1997,,Physical
Synchronization,Value (Adjusted),1998,,Physical
Synchronization,Value (Adjusted),1999,,Physical
Synchronization,Value (Adjusted),2000,,Physical
Synchronization,Value (Adjusted),2001,,Physical
Synchronization,Value (Adjusted),2002,,Physical
Synchronization,Value (Adjusted),2003,,Physical
Synchronization,Value (Adjusted),2004,,Physical
Synchronization,Value (Adjusted),2005,,Physical
Synchronization,Value (Adjusted),2006,,Physical
Synchronization,Value (Adjusted),2007,,Physical
Synchronization,Value (Adjusted),2008,,Physical
Synchronization,Value (Adjusted),2009,239.7637163,Physical
Synchronization,Value (Adjusted),2010,221.238929,Physical
Synchronization,Value (Adjusted),2011,223.3343284,Physical
Synchronization,Value (Adjusted),2012,212.2339858,Physical
Synchronization,Value (Adjusted),2013,208.1623435,Physical
Synchronization,Value (Adjusted),2014,204.8758184,Physical
Synchronization,Value (Adjusted),2015,218.8945293,Physical
Synchronization,Value (Adjusted),2016,228.8478595,Physical
Synchronization,Value (Adjusted),2017,242.0632514,Physical
Synchronization,Value (Adjusted),2018,290.6869289,Physical
Synchronization,Value (Adjusted),2019,276.2623602,Physical
Vinyl Single,Value (Adjusted),1973,"1,094.03",Physical
Vinyl Single,Value (Adjusted),1974,"1,006.03",Physical
Vinyl Single,Value (Adjusted),1975,"1,005.05",Physical
Vinyl Single,Value (Adjusted),1976,"1,101.26",Physical
Vinyl Single,Value (Adjusted),1977,"1,034.02",Physical
Vinyl Single,Value (Adjusted),1978,"1,020.67",Physical
Vinyl Single,Value (Adjusted),1979,"1,245.18",Physical
Vinyl Single,Value (Adjusted),1980,775.6583738,Physical
Vinyl Single,Value (Adjusted),1981,721.1271155,Physical
Vinyl Single,Value (Adjusted),1982,749.7505803,Physical
Vinyl Single,Value (Adjusted),1983,691.2492982,Physical
Vinyl Single,Value (Adjusted),1984,734.9831174,Physical
Vinyl Single,Value (Adjusted),1985,667.6544331,Physical
Vinyl Single,Value (Adjusted),1986,532.0744681,Physical
Vinyl Single,Value (Adjusted),1987,457.5270079,Physical
Vinyl Single,Value (Adjusted),1988,389.8607168,Physical
Vinyl Single,Value (Adjusted),1989,239.9877,Physical
Vinyl Single,Value (Adjusted),1990,184.6520337,Physical
Vinyl Single,Value (Adjusted),1991,119.944804,Physical
Vinyl Single,Value (Adjusted),1992,120.9951875,Physical
Vinyl Single,Value (Adjusted),1993,90.58573287,Physical
Vinyl Single,Value (Adjusted),1994,81.42382186,Physical
Vinyl Single,Value (Adjusted),1995,78.34108858,Physical
Vinyl Single,Value (Adjusted),1996,77.39775335,Physical
Vinyl Single,Value (Adjusted),1997,56.70647477,Physical
Vinyl Single,Value (Adjusted),1998,40.30910982,Physical
Vinyl Single,Value (Adjusted),1999,42.81410744,Physical
Vinyl Single,Value (Adjusted),2000,39.04633624,Physical
Vinyl Single,Value (Adjusted),2001,45.32823151,Physical
Vinyl Single,Value (Adjusted),2002,35.38554364,Physical
Vinyl Single,Value (Adjusted),2003,29.87296467,Physical
Vinyl Single,Value (Adjusted),2004,26.93263261,Physical
Vinyl Single,Value (Adjusted),2005,17.27942857,Physical
Vinyl Single,Value (Adjusted),2006,12.55458482,Physical
Vinyl Single,Value (Adjusted),2007,4.933082489,Physical
Vinyl Single,Value (Adjusted),2008,3.44354375,Physical
Vinyl Single,Value (Adjusted),2009,2.979171425,Physical
Vinyl Single,Value (Adjusted),2010,2.696605918,Physical
Vinyl Single,Value (Adjusted),2011,5.228182752,Physical
Vinyl Single,Value (Adjusted),2012,5.281477044,Physical
Vinyl Single,Value (Adjusted),2013,3.269213385,Physical
Vinyl Single,Value (Adjusted),2014,5.938887283,Physical
Vinyl Single,Value (Adjusted),2015,6.205390253,Physical
Vinyl Single,Value (Adjusted),2016,5.198931395,Physical
Vinyl Single,Value (Adjusted),2017,6.33967756,Physical
Vinyl Single,Value (Adjusted),2018,5.386196747,Physical
Vinyl Single,Value (Adjusted),2019,6.795945687,Physical
